rank,bigram,count,share,movement_class,from_hand,from_finger,from_home_key,from_home_reach,to_hand,to_finger,to_home_key,to_home_reach,combined_home_reach,max_home_reach,same_finger_travel,row_change,row_span,roll_direction,outer_finger_involved,pinky_involved,top_words
1,th,100272945963,0.035562033867788265,alternate_hands,L,index,f,1.25,R,index,j,1.0,2.25,1.25,,True,1.0,cross_hand,False,False,"the, that, with, this, they, their, there, other, these, them, than, then"
2,he,86697336727,0.030747412428375958,alternate_hands,R,index,j,1.0,L,middle,d,1.0308,2.0308,1.0308,,True,1.0,cross_hand,False,False,"the, he, they, their, her, there, when, she, other, these, them, then"
3,in,68595215308,0.024327452898924896,same_hand_different_fingers,R,middle,k,1.0308,R,index,j,1.118,2.1488,1.118,,True,2.0,inward,False,False,"in, into, being, during, against, since, within, point, again, information, following, think"
4,er,57754162106,0.020482648127014873,same_hand_different_fingers,L,middle,d,1.0308,L,index,f,1.0308,2.0616,1.0308,,False,0.0,inward,False,False,"were, her, there, other, after, very, over, where, under, however, general, another"
5,an,55974567611,0.019851510793865493,alternate_hands,L,pinky,a,0.0,R,index,j,1.118,1.118,1.118,,True,1.0,cross_hand,True,True,"and, an, can, than, any, many, man, another, american, important, hand, human"
6,re,52285662239,0.018543231910521065,same_hand_different_fingers,L,index,f,1.0308,L,middle,d,1.0308,2.0616,1.0308,,False,0.0,outward,False,False,"are, were, there, more, where, before, great, three, here, different, children, present"
7,on,49570981965,0.01758046422760261,same_hand_different_fingers,R,ring,l,1.0308,R,index,j,1.118,2.1488,1.118,,True,2.0,inward,True,False,"on, one, only, upon, long, among, second, information, once, national, control, common"
8,at,41920838452,0.014867323009999081,same_hand_different_fingers,L,pinky,a,0.0,L,index,f,1.25,1.25,1.25,,True,1.0,inward,True,True,"that, at, what, great, state, states, water, information, rather, later, national, nature"
9,en,41004903554,0.014542484564787907,alternate_hands,L,middle,d,1.0308,R,index,j,1.118,2.1488,1.118,,True,2.0,cross_hand,False,False,"been, when, then, between, even, men, general, government, different, given, children, often"
10,nd,38129777631,0.013522814458699572,alternate_hands,R,index,j,1.118,L,middle,d,0.0,1.118,1.118,,True,1.0,cross_hand,False,False,"and, under, found, end, second, hand, find, land, around, mind, individual, london"
11,ti,37856196209,0.013425788170089764,alternate_hands,L,index,f,1.25,R,middle,k,1.0308,2.2808,1.25,,False,0.0,cross_hand,False,False,"time, still, information, political, until, national, times, question, action, education, section, position"
12,es,37766388079,0.013393937507580644,same_hand_different_fingers,L,middle,d,1.0308,L,ring,s,0.0,1.0308,1.0308,,True,1.0,outward,True,False,"these, does, states, less, present, process, times, best, business, question, interest, themselves"
13,or,35994097756,0.012765390616045856,alternate_hands,R,ring,l,1.0308,L,index,f,1.0308,2.0616,1.0308,,False,0.0,cross_hand,True,False,"for, or, more, work, before, world, order, form, important, york, information, history"
14,te,33973261529,0.012048696340679248,same_hand_different_fingers,L,index,f,1.25,L,middle,d,1.0308,2.2808,1.25,,False,0.0,outward,False,False,"after, state, system, states, water, often, united, later, chapter, better, white, interest"
15,of,33130341561,0.011749752810478072,alternate_hands,R,ring,l,1.0308,L,index,f,0.0,1.0308,1.0308,,True,1.0,cross_hand,True,False,"of, often, off, office, officers, offered, offer, professional, official, officer, professor, soft"
16,ed,32937140633,0.011681233651308664,same_finger_different_key,L,middle,d,1.0308,L,middle,d,0.0,1.0308,1.0308,1.0308,True,1.0,same_finger,False,False,"used, called, united, need, education, based, knowledge, asked, required, considered, indeed, received"
17,is,31817918249,0.01128429882563713,alternate_hands,R,middle,k,1.0308,L,ring,s,0.0,1.0308,1.0308,,True,1.0,cross_hand,True,False,"is, this, his, history, english, analysis, british, basis, established, disease, decision, published"
18,it,31672532308,0.011232737362990464,alternate_hands,R,middle,k,1.0308,L,index,f,1.25,2.2808,1.25,,False,0.0,cross_hand,False,False,"it, with, its, without, little, within, political, united, university, city, either, white"
19,al,30662410438,0.010874495288754523,alternate_hands,L,pinky,a,0.0,R,ring,l,0.0,0.0,0.0,,False,0.0,cross_hand,True,True,"all, also, general, social, small, shall, called, always, political, although, several, national"
20,ar,30308513014,0.010748984742942346,same_hand_different_fingers,L,pinky,a,0.0,L,index,f,1.0308,1.0308,1.0308,,True,1.0,inward,True,True,"are, years, part, year, large, war, far, early, around, research, area, necessary"
21,st,29704461829,0.010534756583067857,same_hand_different_fingers,L,ring,s,0.0,L,index,f,1.25,1.25,1.25,,True,1.0,inward,True,False,"first, most, must, state, just, system, against, still, states, last, history, study"
22,to,29360205581,0.010412665302782832,alternate_hands,L,index,f,1.25,R,ring,l,1.0308,2.2808,1.25,,False,0.0,cross_hand,True,False,"to, into, too, history, took, together, total, told, toward, story, town, towards"
23,nt,29359771944,0.010412511512410641,alternate_hands,R,index,j,1.118,L,index,f,1.25,2.368,1.25,,True,2.0,cross_hand,False,False,"into, government, different, point, important, present, development, country, until, control, went, interest"
24,ng,26871805511,0.009530148421324101,alternate_hands,R,index,j,1.118,L,index,f,1.0,2.118,1.118,,True,1.0,cross_hand,False,False,"being, long, during, among, following, things, having, change, young, nothing, something, going"
25,se,26282488562,0.009321145792569853,same_hand_different_fingers,L,ring,s,0.0,L,middle,d,1.0308,1.0308,1.0308,,True,1.0,inward,True,False,"these, see, those, because, use, used, case, house, second, present, himself, set"
26,ha,26103411208,0.009257635591819875,alternate_hands,R,index,j,1.0,L,pinky,a,0.0,1.0,1.0,,False,0.0,cross_hand,True,True,"that, have, had, has, what, than, shall, hand, chapter, having, change, half"
27,as,24561944198,0.008710950725934656,same_hand_different_fingers,L,pinky,a,0.0,L,ring,s,0.0,0.0,0.0,,False,0.0,inward,True,True,"as, was, has, case, last, least, cases, based, class, reason, asked, past"
28,ou,24531132241,0.008700023193609326,same_hand_different_fingers,R,ring,l,1.0308,R,index,j,1.0308,2.0616,1.0308,,False,0.0,inward,True,False,"you, would, about, out, could, our, should, your, through, without, found, house"
29,io,23542263265,0.008349318507738292,same_hand_different_fingers,R,middle,k,1.0308,R,ring,l,1.0308,2.0616,1.0308,,False,0.0,outward,True,False,"information, national, period, question, action, education, section, position, various, conditions, production, international"
30,le,23382173640,0.008292542349309354,alternate_hands,R,ring,l,0.0,L,middle,d,1.0308,1.0308,1.0308,,True,1.0,cross_hand,True,False,"people, while, little, less, called, example, left, possible, whole, table, let, least"
31,ve,23270129573,0.008252805659945416,same_hand_different_fingers,L,index,f,1.118,L,middle,d,1.0308,2.1488,1.118,,True,2.0,outward,False,False,"have, very, over, even, however, every, government, given, never, development, give, university"
32,co,22384167777,0.00793859724517974,alternate_hands,L,middle,d,1.118,R,ring,l,1.0308,2.1488,1.118,,True,2.0,cross_hand,True,False,"could, come, second, country, course, control, become, court, common, company, economic, conditions"
33,me,22360109325,0.007930064859134691,alternate_hands,R,index,j,1.118,L,middle,d,1.0308,2.1488,1.118,,True,2.0,cross_hand,False,False,"some, time, me, same, men, government, come, american, women, came, development, home"
34,de,21565300071,0.007648183905725693,same_finger_different_key,L,middle,d,0.0,L,middle,d,1.0308,1.0308,1.0308,1.0308,True,1.0,same_finger,False,False,"made, under, de, order, development, side, death, evidence, trade, model, students, considered"
35,hi,21520845924,0.0076324181389379,same_hand_different_fingers,R,index,j,1.0,R,middle,k,1.0308,2.0308,1.0308,,True,1.0,outward,False,False,"this, his, which, him, while, high, within, children, himself, think, history, things"
36,ri,20516398905,0.007276188663828457,alternate_hands,L,index,f,1.0308,R,middle,k,1.0308,2.0616,1.0308,,False,0.0,cross_hand,False,False,"during, right, american, period, various, experience, british, material, countries, america, rights, written"
37,ro,20491179118,0.007267244407620373,alternate_hands,L,index,f,1.0308,R,ring,l,1.0308,2.0616,1.0308,,False,0.0,cross_hand,True,False,"from, through, group, process, control, around, problem, problems, room, brought, production, groups"
38,ic,19701195496,0.0069870748758413,alternate_hands,R,middle,k,1.0308,L,middle,d,1.118,2.1488,1.118,,True,2.0,cross_hand,False,False,"which, public, american, political, economic, service, policy, particular, office, specific, practice, america"
39,ne,19504235770,0.006917222650205216,alternate_hands,R,index,j,1.118,L,middle,d,1.0308,2.1488,1.118,,True,2.0,cross_hand,False,False,"one, new, general, never, need, line, business, next, necessary, done, money, near"
40,ea,19403941063,0.006881652898734964,same_hand_different_fingers,L,middle,d,1.0308,L,pinky,a,0.0,1.0308,1.0308,,True,1.0,outward,True,True,"each, years, great, year, early, means, head, least, death, research, area, already"
41,ra,19332539912,0.006856330314206551,same_hand_different_fingers,L,index,f,1.0308,L,pinky,a,0.0,1.0308,1.0308,,True,1.0,outward,True,True,"general, rather, several, rate, natural, trade, program, central, character, practice, generally, range"
42,ce,18367773425,0.006514173632205198,same_finger_different_key,L,middle,d,1.118,L,middle,d,1.0308,2.1488,1.118,2.136,True,2.0,same_finger,False,False,"place, since, once, process, certain, service, necessary, century, face, experience, force, office"
43,li,17604626629,0.0062435218432823885,same_hand_different_fingers,R,ring,l,0.0,R,middle,k,1.0308,1.0308,1.0308,,True,1.0,inward,True,False,"like, life, little, public, political, line, light, english, policy, living, believe, military"
44,ch,16854985236,0.005977659776993852,alternate_hands,L,middle,d,1.118,R,index,j,1.0,2.118,1.118,,True,1.0,cross_hand,False,False,"which, such, each, much, children, school, chapter, change, church, child, research, changes"
45,ll,16257360474,0.00576571076300642,same_key,R,ring,l,0.0,R,ring,l,0.0,0.0,0.0,,False,0.0,same_finger,True,False,"all, will, well, still, small, shall, called, following, full, usually, especially, tell"
46,be,16249257887,0.005762837161652202,same_hand_different_fingers,L,index,f,1.8028,L,middle,d,1.0308,2.8336,1.8028,,True,2.0,outward,False,False,"be, been, between, being, because, before, number, become, best, better, became, members"
47,ma,15938689768,0.0056526934547922415,alternate_hands,R,index,j,1.118,L,pinky,a,0.0,1.118,1.118,,True,1.0,cross_hand,True,True,"may, made, many, man, make, small, information, human, making, matter, woman, major"
48,si,15509759748,0.00550057242402309,alternate_hands,L,ring,s,0.0,R,middle,k,1.0308,1.0308,1.0308,,True,1.0,cross_hand,True,False,"since, possible, university, side, business, using, position, analysis, similar, single, considered, six"
49,om,15402602484,0.005462568850726722,same_hand_different_fingers,R,ring,l,1.0308,R,index,j,1.118,2.1488,1.118,,True,2.0,inward,True,False,"from, some, come, women, home, become, common, company, something, economic, room, woman"
50,ur,15303657594,0.005427477814999868,alternate_hands,R,index,j,1.0308,L,index,f,1.0308,2.0616,1.0308,,False,0.0,cross_hand,False,False,"our, your, during, figure, course, four, nature, court, church, further, century, natural"
51,ca,15174413181,0.005381640982859478,same_hand_different_fingers,L,middle,d,1.118,L,pinky,a,0.0,1.118,1.118,,True,1.0,outward,True,True,"can, because, case, called, american, came, political, education, cases, became, local, care"
52,el,14952716079,0.0053030155892002185,alternate_hands,L,middle,d,1.0308,R,ring,l,0.0,1.0308,1.0308,,True,1.0,cross_hand,True,False,"well, himself, development, itself, level, themselves, self, help, held, field, model, felt"
53,ta,14941000711,0.005298860706648515,same_hand_different_fingers,L,index,f,1.25,L,pinky,a,0.0,1.25,1.25,,True,1.0,outward,True,True,"state, states, take, important, certain, data, table, taken, total, capital, military, taking"
54,la,14874551789,0.005275294441670981,alternate_hands,R,ring,l,0.0,L,pinky,a,0.0,0.0,0.0,,False,0.0,cross_hand,True,True,"place, large, law, last, later, land, class, particular, la, black, language, similar"
55,ns,14350320288,0.005089374518664006,alternate_hands,R,index,j,1.118,L,ring,s,0.0,1.118,1.118,,True,1.0,cross_hand,True,False,"against, means, sense, conditions, considered, questions, instead, persons, relationship, relations, answer, response"
56,di,13899990598,0.0049296640450796365,alternate_hands,L,middle,d,0.0,R,middle,k,1.0308,1.0308,1.0308,,True,1.0,cross_hand,False,False,"did, different, individual, conditions, according, studies, including, difficult, building, condition, addition, direct"
57,fo,13753006196,0.004877535684515768,alternate_hands,L,index,f,0.0,R,ring,l,1.0308,1.0308,1.0308,,True,1.0,cross_hand,True,False,"for, before, found, form, information, following, four, therefore, force, foreign, food, forms"
58,ho,13672603513,0.004849020685694829,same_hand_different_fingers,R,index,j,1.0,R,ring,l,1.0308,2.0308,1.0308,,True,1.0,outward,True,False,"who, should, those, how, however, without, house, though, thought, school, although, whole"
59,pe,13477683504,0.004779891850444238,alternate_hands,R,pinky,;,1.0308,L,middle,d,1.0308,2.0616,1.0308,,False,0.0,cross_hand,True,True,"people, per, period, person, type, perhaps, open, experience, special, especially, personal, property"
60,ec,13457763533,0.004772827186326274,same_finger_different_key,L,middle,d,1.0308,L,middle,d,1.118,2.1488,1.118,2.136,True,2.0,same_finger,False,False,"because, second, become, effect, economic, necessary, subject, section, became, special, especially, specific"
61,pr,13378480175,0.00474470915872401,alternate_hands,R,pinky,;,1.0308,L,index,f,1.0308,2.0616,1.0308,,False,0.0,cross_hand,True,True,"present, process, press, problem, problems, production, probably, program, president, property, provide, practice"
62,no,13099447521,0.004645749577986965,same_hand_different_fingers,R,index,j,1.118,R,ring,l,1.0308,2.1488,1.118,,True,2.0,outward,True,False,"not, no, now, another, know, known, nothing, economic, enough, knowledge, north, nor"
63,ct,12997849406,0.004609717569833274,same_hand_different_fingers,L,middle,d,1.118,L,index,f,1.25,2.368,1.25,,True,2.0,inward,False,False,"fact, act, effect, action, subject, section, production, structure, function, character, practice, effects"
64,us,12808517567,0.004542570592090613,alternate_hands,R,index,j,1.0308,L,ring,s,0.0,1.0308,1.0308,,True,1.0,cross_hand,True,False,"must, because, use, used, us, just, thus, house, business, using, various, usually"
65,ac,12625666388,0.004477721995513402,same_hand_different_fingers,L,pinky,a,0.0,L,middle,d,1.118,1.118,1.118,,True,1.0,inward,True,True,"each, back, place, fact, act, action, face, black, according, account, surface, character"
66,ot,12465822481,0.004421032981545556,alternate_hands,R,ring,l,1.0308,L,index,f,1.25,2.2808,1.25,,False,0.0,cross_hand,True,False,"not, other, both, another, others, nothing, total, mother, got, note, wrote, potential"
67,il,12167821320,0.004315346175614546,same_hand_different_fingers,R,middle,k,1.0308,R,ring,l,0.0,1.0308,1.0308,,True,1.0,outward,True,False,"will, while, still, children, family, until, child, similar, available, building, military, william"
68,tr,12006693396,0.004258201782026581,same_finger_different_key,L,index,f,1.25,L,index,f,1.0308,2.2808,1.25,1.0,False,0.0,same_finger,False,False,"country, control, true, trade, structure, treatment, central, countries, strong, truth, industry, street"
69,ly,11983948242,0.0042501351601765104,same_hand_different_fingers,R,ring,l,0.0,R,index,j,1.6008,1.6008,1.6008,,True,1.0,inward,True,False,"only, family, early, usually, analysis, especially, probably, really, generally, finally, particularly, likely"
70,nc,11722631112,0.004157458431293705,alternate_hands,R,index,j,1.118,L,middle,d,1.118,2.2361,1.118,,False,0.0,cross_hand,False,False,"since, once, experience, evidence, french, including, function, increase, science, influence, increased, income"
71,et,11634161334,0.004126082418439024,same_hand_different_fingers,L,middle,d,1.0308,L,index,f,1.25,2.2808,1.25,,False,0.0,inward,False,False,"between, get, set, yet, et, whether, let, society, better, something, together, sometimes"
72,ut,11423899818,0.004051512681993427,alternate_hands,R,index,j,1.0308,L,index,f,1.25,2.2808,1.25,,False,0.0,cross_hand,False,False,"but, about, out, without, put, south, future, truth, outside, authority, solution, cut"
73,ss,11421755201,0.004050752088578574,same_key,L,ring,s,0.0,L,ring,s,0.0,0.0,0.0,,False,0.0,same_finger,True,False,"less, possible, process, business, press, necessary, class, across, pressure, loss, passed, association"
74,so,11214705934,0.003977321583723639,alternate_hands,L,ring,s,0.0,R,ring,l,1.0308,1.0308,1.0308,,True,1.0,cross_hand,True,False,"so, some, also, social, person, society, something, south, reason, sometimes, soon, personal"
75,rs,11180732354,0.003965272774436477,same_hand_different_fingers,L,index,f,1.0308,L,ring,s,0.0,1.0308,1.0308,,True,1.0,outward,True,False,"first, years, others, university, course, person, members, personal, hours, persons, understand, workers"
76,un,11121118166,0.003944130463793296,same_finger_different_key,R,index,j,1.0308,R,index,j,1.118,2.1488,1.118,2.0156,True,2.0,same_finger,False,False,"under, found, country, united, university, until, young, around, account, community, amount, function"
77,lo,10908830081,0.0038688419999310334,same_finger_different_key,R,ring,l,0.0,R,ring,l,1.0308,1.0308,1.0308,1.0308,True,1.0,same_finger,True,False,"long, development, following, love, look, london, local, along, low, lord, lower, close"
78,wa,10865206430,0.0038533707704842494,same_hand_different_fingers,L,ring,s,1.0308,L,pinky,a,0.0,1.0308,1.0308,,True,1.0,outward,True,True,"was, way, water, war, always, away, want, toward, ways, towards, wanted, washington"
79,ge,10861045622,0.0038518951302346054,same_hand_different_fingers,L,index,f,1.0,L,middle,d,1.0308,2.0308,1.0308,,True,1.0,outward,False,False,"general, large, get, change, age, together, knowledge, language, changes, management, generally, longer"
80,ie,10845731320,0.003846463877356222,alternate_hands,R,middle,k,1.0308,L,middle,d,1.0308,2.0616,1.0308,,False,0.0,cross_hand,False,False,"society, view, experience, field, studies, science, countries, believe, series, patient, friends, patients"
81,wh,10680697684,0.0037879343139092495,alternate_hands,L,ring,s,1.0308,R,index,j,1.0,2.0308,1.0308,,True,1.0,cross_hand,True,False,"which, when, who, what, where, while, whole, whether, why, white, whose, whom"
82,ee,10647199443,0.0037760540847057225,same_key,L,middle,d,1.0308,L,middle,d,1.0308,2.0616,1.0308,,False,0.0,same_finger,False,False,"been, see, between, three, need, seen, free, seems, keep, indeed, seemed, feet"
83,wi,10557401491,0.003744207031848012,alternate_hands,L,ring,s,1.0308,R,middle,k,1.0308,2.0616,1.0308,,False,0.0,cross_hand,True,False,"with, will, without, within, following, wife, william, wide, otherwise, wish, growing, window"
84,em,10536054813,0.003736636382769038,alternate_hands,L,middle,d,1.0308,R,index,j,1.118,2.1488,1.118,,True,2.0,cross_hand,False,False,"them, system, themselves, problem, members, problems, seems, systems, management, seemed, movement, seem"
85,ad,10375130449,0.0036795641822092583,same_hand_different_fingers,L,pinky,a,0.0,L,middle,d,0.0,0.0,0.0,,False,0.0,inward,True,True,"had, made, head, already, trade, read, instead, addition, reading, added, road, lead"
86,ol,10305660447,0.0036549264841722333,same_finger_different_key,R,ring,l,1.0308,R,ring,l,0.0,1.0308,1.0308,1.0308,True,1.0,same_finger,True,False,"old, school, following, political, whole, control, policy, told, role, followed, college, vol"
87,rt,10198055461,0.0036167641252256148,same_finger_different_key,L,index,f,1.0308,L,index,f,1.25,2.2808,1.25,1.0,False,0.0,same_finger,False,False,"part, important, certain, court, further, party, particular, support, north, short, art, heart"
88,po,10189505383,0.003613731820145834,same_hand_different_fingers,R,pinky,;,1.0308,R,ring,l,1.0308,2.0616,1.0308,,False,0.0,inward,True,True,"upon, power, point, important, political, possible, position, policy, support, report, population, purpose"
89,we,10176141608,0.0036089923262116784,same_hand_different_fingers,L,ring,s,1.0308,L,middle,d,1.0308,2.0616,1.0308,,False,0.0,inward,True,False,"were, we, between, well, however, power, went, west, lower, twenty, followed, answer"
90,na,9790855551,0.003472349728587426,alternate_hands,R,index,j,1.118,L,pinky,a,0.0,1.118,1.118,,True,1.0,cross_hand,True,True,"national, nature, name, analysis, international, natural, personal, management, finally, original, journal, final"
91,ul,9751225781,0.0034582949383408857,same_hand_different_fingers,R,index,j,1.0308,R,ring,l,0.0,1.0308,1.0308,,True,1.0,outward,True,False,"would, could, should, result, full, particular, results, population, difficult, rule, particularly, culture"
92,ni,9564648232,0.0033921247759627383,same_hand_different_fingers,R,index,j,1.118,R,middle,k,1.0308,2.1488,1.118,,True,2.0,outward,False,False,"united, university, night, community, union, organization, beginning, morning, learning, training, significant, meaning"
93,ts,9516029773,0.0033748821262235386,same_hand_different_fingers,L,index,f,1.25,L,ring,s,0.0,1.25,1.25,,True,1.0,outward,True,False,"its, itself, results, students, rights, effects, parts, outside, points, patients, parents, elements"
94,mo,9498813191,0.0033687762253118664,same_hand_different_fingers,R,index,j,1.118,R,ring,l,1.0308,2.1488,1.118,,True,2.0,outward,True,False,"more, most, among, common, almost, mother, money, model, amount, modern, moment, movement"
95,ow,9318366591,0.0033047804182783813,alternate_hands,R,ring,l,1.0308,L,ring,s,1.0308,2.0616,1.0308,,False,0.0,cross_hand,True,False,"now, how, own, however, down, know, power, following, known, knowledge, low, show"
96,pa,9123652775,0.0032357247098555595,alternate_hands,R,pinky,;,1.0308,L,pinky,a,0.0,1.0308,1.0308,,True,1.0,cross_hand,True,True,"part, company, party, particular, past, paper, parts, space, particularly, department, patient, patients"
97,im,8959759181,0.0031775994649595714,same_hand_different_fingers,R,middle,k,1.0308,R,index,j,1.118,2.1488,1.118,,True,2.0,inward,False,False,"him, time, important, himself, times, similar, sometimes, simple, simply, importance, limited, immediately"
98,mi,8957825538,0.0031769136939652737,same_hand_different_fingers,R,index,j,1.118,R,middle,k,1.0308,2.1488,1.118,,True,2.0,outward,False,False,"might, family, mind, economic, similar, military, middle, committee, limited, miles, coming, determined"
99,ai,8922759715,0.003164477518153824,alternate_hands,L,pinky,a,0.0,R,middle,k,1.0308,1.0308,1.0308,,True,1.0,cross_hand,True,True,"said, against, again, certain, air, available, main, obtained, training, paid, certainly, faith"
100,sh,8888705287,0.0031524000359351304,alternate_hands,L,ring,s,0.0,R,index,j,1.0,1.0,1.0,,False,0.0,cross_hand,True,False,"she, should, shall, english, show, short, shown, british, established, relationship, shows, published"
101,ir,8886799024,0.0031517239753216133,alternate_hands,R,middle,k,1.0308,L,index,f,1.0308,2.0616,1.0308,,False,0.0,cross_hand,False,False,"their, first, air, third, required, sir, spirit, direct, fire, direction, directly, entire"
102,su,8774129154,0.0031117653434659404,alternate_hands,L,ring,s,0.0,R,index,j,1.0308,1.0308,1.0308,,True,1.0,cross_hand,True,False,"such, subject, result, support, results, usually, surface, pressure, sure, issue, issues, success"
103,id,8332214014,0.002955039109640445,alternate_hands,R,middle,k,1.0308,L,middle,d,0.0,1.0308,1.0308,,True,1.0,cross_hand,False,False,"said, did, side, individual, evidence, considered, idea, president, provide, provided, middle, outside"
104,os,8176085241,0.002899667676599962,alternate_hands,R,ring,l,1.0308,L,ring,s,0.0,1.0308,1.0308,,True,1.0,cross_hand,True,False,"most, those, possible, almost, position, whose, cost, close, purpose, across, lost, loss"
105,iv,8116349309,0.0028784821891635827,alternate_hands,R,middle,k,1.0308,L,index,f,1.118,2.1488,1.118,,True,2.0,cross_hand,False,False,"given, give, university, five, individual, living, received, private, river, activity, live, activities"
106,ia,8072199471,0.0028628243462715157,alternate_hands,R,middle,k,1.0308,L,pinky,a,0.0,1.0308,1.0308,,True,1.0,cross_hand,True,True,"social, special, especially, material, william, association, india, christian, associated, indian, immediately, materials"
107,am,8032259916,0.0028486596900530927,alternate_hands,L,pinky,a,0.0,R,index,j,1.118,1.118,1.118,,True,1.0,cross_hand,True,True,"same, american, among, example, came, family, name, am, became, amount, program, america"
108,fi,8024355222,0.002845856271912309,alternate_hands,L,index,f,0.0,R,middle,k,1.0308,1.0308,1.0308,,True,1.0,cross_hand,False,False,"first, find, figure, five, field, office, fig, specific, difficult, finally, fire, significant"
109,ci,7936922442,0.0028148480328139764,alternate_hands,L,middle,d,1.118,R,middle,k,1.0308,2.1488,1.118,,True,2.0,cross_hand,False,False,"social, city, society, special, especially, specific, science, council, decision, species, association, associated"
110,vi,7600241898,0.0026954434935998663,alternate_hands,L,index,f,1.118,R,middle,k,1.0308,2.1488,1.118,,True,2.0,cross_hand,False,False,"having, service, view, individual, evidence, living, provide, services, provided, activity, activities, behavior"
111,pl,7415349106,0.002629870834216346,same_hand_different_fingers,R,pinky,;,1.0308,R,ring,l,0.0,1.0308,1.0308,,True,1.0,inward,True,True,"people, place, example, plan, play, simple, complete, simply, placed, application, applied, principle"
112,ig,7189051323,0.002549613798323326,alternate_hands,R,middle,k,1.0308,L,index,f,1.0,2.0308,1.0308,,True,1.0,cross_hand,False,False,"might, right, high, figure, light, night, foreign, higher, fig, rights, religious, design"
113,tu,7187510085,0.0025490671946763704,alternate_hands,L,index,f,1.25,R,index,j,1.0308,2.2808,1.25,,False,0.0,cross_hand,False,False,"nature, study, century, natural, studies, students, future, structure, return, situation, turn, turned"
114,ev,7184041787,0.0025478371547114024,same_hand_different_fingers,L,middle,d,1.0308,L,index,f,1.118,2.1488,1.118,,True,2.0,inward,False,False,"even, however, every, never, development, several, level, ever, evidence, believe, developed, review"
115,ld,7122648226,0.002526063785288789,alternate_hands,R,ring,l,0.0,L,middle,d,0.0,0.0,0.0,,False,0.0,cross_hand,True,False,"would, could, should, world, old, children, child, held, told, field, building, hold"
116,ry,6985436186,0.0024774012156725655,alternate_hands,L,index,f,1.0308,R,index,j,1.6008,2.6316,1.6008,,False,0.0,cross_hand,False,False,"very, every, country, history, necessary, century, theory, story, military, industry, everything, primary"
117,mp,6743935008,0.002391752260327065,same_hand_different_fingers,R,index,j,1.118,R,pinky,;,1.0308,2.1488,1.118,,True,2.0,outward,True,True,"important, example, company, simple, complete, simply, importance, temperature, complex, attempt, companies, computer"
118,fe,6670566518,0.002365731954439461,same_hand_different_fingers,L,index,f,0.0,L,middle,d,1.0308,1.0308,1.0308,,True,1.0,outward,False,False,"life, different, few, effect, felt, effects, feet, feel, wife, difference, federal, effective"
119,bl,6581097936,0.002334001713419505,alternate_hands,L,index,f,1.8028,R,ring,l,0.0,1.8028,1.8028,,True,1.0,cross_hand,True,False,"public, possible, table, problem, able, problems, black, probably, available, blood, established, published"
120,ab,6479202253,0.0022978641720814404,same_hand_different_fingers,L,pinky,a,0.0,L,index,f,1.8028,1.8028,1.8028,,True,1.0,inward,True,True,"about, above, table, able, probably, available, established, labor, ability, considerable, labour, absence"
121,gh,6414827751,0.0022750336049891886,alternate_hands,L,index,f,1.0,R,index,j,1.0,2.0,1.0,,False,0.0,cross_hand,False,False,"through, might, right, high, though, thought, although, light, enough, night, brought, higher"
122,ty,6408447994,0.0022727710093077376,alternate_hands,L,index,f,1.25,R,index,j,1.6008,2.8508,1.6008,,False,0.0,cross_hand,False,False,"university, city, society, party, type, community, property, activity, twenty, authority, quality, types"
123,op,6313536754,0.002239110516949617,same_hand_different_fingers,R,ring,l,1.0308,R,pinky,;,1.0308,2.0616,1.0308,,False,0.0,outward,True,True,"people, development, open, population, property, developed, top, hope, europe, opinion, operation, european"
124,wo,6252724050,0.0022175431498151384,alternate_hands,L,ring,s,1.0308,R,ring,l,1.0308,2.0616,1.0308,,False,0.0,cross_hand,True,False,"would, two, work, world, women, words, word, woman, working, works, workers, worked"
125,sa,6147356936,0.0021801744573863575,same_hand_different_fingers,L,ring,s,0.0,L,pinky,a,0.0,0.0,0.0,,False,0.0,outward,True,True,"said, same, say, necessary, saw, says, thousand, saying, sample, sat, san, sales"
126,ay,6128842727,0.0021736083500363624,alternate_hands,L,pinky,a,0.0,R,index,j,1.6008,1.6008,1.6008,,True,1.0,cross_hand,True,True,"may, way, day, say, always, away, days, says, play, ways, pay, today"
127,ex,6035335807,0.0021404459030375522,same_hand_different_fingers,L,middle,d,1.0308,L,ring,s,1.118,2.1488,1.118,,True,2.0,outward,True,False,"example, next, experience, except, text, expected, extent, expression, existence, complex, exchange, exercise"
128,ke,6027536039,0.0021376796971470896,alternate_hands,R,middle,k,0.0,L,middle,d,1.0308,1.0308,1.0308,,True,1.0,cross_hand,False,False,"like, make, take, taken, asked, keep, market, looked, makes, likely, workers, kept"
129,fr,6011200185,0.0021318861484722396,same_finger_different_key,L,index,f,0.0,L,index,f,1.0308,1.0308,1.0308,1.0308,True,1.0,same_finger,False,False,"from, free, french, friends, front, france, friend, freedom, frequently, africa, african, frequency"
130,oo,5928601045,0.0021025921710596876,same_key,R,ring,l,1.0308,R,ring,l,1.0308,2.0616,1.0308,,False,0.0,same_finger,True,False,"good, too, school, book, took, look, room, soon, food, blood, looked, poor"
131,av,5778409728,0.002049326470620682,same_hand_different_fingers,L,pinky,a,0.0,L,index,f,1.118,1.118,1.118,,True,1.0,inward,True,True,"have, having, gave, available, leave, average, behavior, heavy, david, avoid, leaves, leaving"
132,ag,5772552144,0.0020472490648100632,same_hand_different_fingers,L,pinky,a,0.0,L,index,f,1.0,1.0,1.0,,False,0.0,inward,True,True,"against, again, age, language, management, average, stage, page, image, agreement, marriage, ago"
133,if,5731148470,0.002032565155377681,alternate_hands,R,middle,k,1.0308,L,index,f,0.0,1.0308,1.0308,,True,1.0,cross_hand,False,False,"if, life, different, specific, difficult, wife, difference, significant, differences, scientific, beautiful, california"
134,ap,5719570727,0.002028459081852819,alternate_hands,L,pinky,a,0.0,R,pinky,;,1.0308,1.0308,1.0308,,True,1.0,cross_hand,True,True,"chapter, perhaps, paper, capital, approach, appear, appears, application, applied, appeared, april, appropriate"
135,gr,5548472398,0.0019677786609059254,same_finger_different_key,L,index,f,1.0,L,index,f,1.0308,2.0308,1.0308,1.6008,True,1.0,same_finger,False,False,"great, group, groups, greater, growth, program, ground, degree, congress, green, agreement, progress"
136,od,5511014957,0.0019544942921995924,alternate_hands,R,ring,l,1.0308,L,middle,d,0.0,1.0308,1.0308,,True,1.0,cross_hand,True,False,"good, god, body, period, production, method, model, food, blood, modern, methods, produced"
137,bo,5509918152,0.001954105307751377,alternate_hands,L,index,f,1.8028,R,ring,l,1.0308,2.8336,1.8028,,True,2.0,cross_hand,True,False,"about, both, above, body, book, books, board, labor, born, boy, box, labour"
138,sp,5392724233,0.0019125422113792543,alternate_hands,L,ring,s,0.0,R,pinky,;,1.0308,1.0308,1.0308,,True,1.0,cross_hand,True,True,"special, especially, specific, space, spirit, respect, species, response, speak, speech, spring, despite"
139,rd,5338083783,0.001893163848503906,same_hand_different_fingers,L,index,f,1.0308,L,middle,d,0.0,1.0308,1.0308,,True,1.0,outward,False,False,"order, words, word, according, lord, third, toward, hard, heard, board, standard, towards"
140,do,5307591560,0.0018823497105864835,alternate_hands,L,middle,d,0.0,R,ring,l,1.0308,1.0308,1.0308,,True,1.0,cross_hand,True,False,"do, does, down, done, london, doing, door, doubt, freedom, double, window, domestic"
141,uc,5291161134,0.0018765226217315315,alternate_hands,R,index,j,1.0308,L,middle,d,1.118,2.1488,1.118,,True,2.0,cross_hand,False,False,"such, much, education, production, structure, produced, product, produce, success, products, construction, introduction"
142,bu,5214802738,0.001849441938716155,alternate_hands,L,index,f,1.8028,R,index,j,1.0308,2.8336,1.8028,,True,2.0,cross_hand,False,False,"but, business, building, distribution, built, build, buildings, buy, contribution, budget, distributed, abuse"
143,ei,5169898489,0.0018335165422055663,alternate_hands,L,middle,d,1.0308,R,middle,k,1.0308,2.0616,1.0308,,False,0.0,cross_hand,False,False,"their, being, either, foreign, received, neither, weight, eight, receive, seeing, height, protein"
144,ov,5021440160,0.0017808654499976906,alternate_hands,R,ring,l,1.0308,L,index,f,1.118,2.1488,1.118,,True,2.0,cross_hand,True,False,"over, government, above, love, provide, provided, movement, move, moved, soviet, provides, covered"
145,by,4975814759,0.001764684295250406,alternate_hands,L,index,f,1.8028,R,index,j,1.6008,3.4036,1.8028,,True,2.0,cross_hand,False,False,"by, baby, thereby, nearby, whereby, hereby, presbyterian, byron, bye, lobby, byzantine, bobby"
146,rm,4938158020,0.001751329245044116,alternate_hands,L,index,f,1.0308,R,index,j,1.118,2.1488,1.118,,True,2.0,cross_hand,False,False,"form, information, terms, term, forms, army, german, normal, performance, former, determined, formed"
147,ep,4837800987,0.001715737389512778,alternate_hands,L,middle,d,1.0308,R,pinky,;,1.0308,2.0616,1.0308,,False,0.0,cross_hand,True,True,"report, keep, department, except, kept, deep, step, reported, independent, separate, september, concept"
148,tt,4812693687,0.0017068330270812787,same_key,L,index,f,1.25,L,index,f,1.25,2.5,1.25,,False,0.0,same_finger,False,False,"little, better, matter, letter, written, attention, committee, latter, letters, attempt, getting, pattern"
149,oc,4692062395,0.0016640508583674763,alternate_hands,R,ring,l,1.0308,L,middle,d,1.118,2.1488,1.118,,True,2.0,cross_hand,True,False,"social, process, society, local, association, associated, stock, occur, processes, october, procedure, occurs"
150,fa,4624241031,0.0016399978536375908,same_hand_different_fingers,L,index,f,0.0,L,pinky,a,0.0,0.0,0.0,,False,0.0,outward,True,True,"fact, far, family, father, face, surface, factors, fall, faith, factor, failure, families"
151,ef,4588497002,0.0016273211504883858,same_hand_different_fingers,L,middle,d,1.0308,L,index,f,0.0,1.0308,1.0308,,True,1.0,inward,False,False,"before, left, therefore, effect, effects, chief, effective, reference, defined, useful, effort, efforts"
152,cu,4585165906,0.0016261397695323246,alternate_hands,L,middle,d,1.118,R,index,j,1.0308,2.1488,1.118,,True,2.0,cross_hand,False,False,"particular, current, difficult, particularly, culture, cut, discussion, security, cultural, circumstances, occur, discussed"
153,rn,4521640992,0.0016036105108033557,alternate_hands,L,index,f,1.0308,R,index,j,1.118,2.1488,1.118,,True,2.0,cross_hand,False,False,"government, international, return, modern, turn, turned, morning, journal, western, learning, born, concerned"
154,sc,4363410770,0.0015474937939797774,same_hand_different_fingers,L,ring,s,0.0,L,middle,d,1.118,1.118,1.118,,True,1.0,inward,True,False,"school, science, described, schools, discussion, scale, discussed, description, scientific, scene, discovered, consciousness"
155,gi,4275639800,0.001516365615010144,alternate_hands,L,index,f,1.0,R,middle,k,1.0308,2.0308,1.0308,,True,1.0,cross_hand,False,False,"given, give, religious, beginning, original, region, religion, gives, giving, girl, begin, origin"
156,da,4259590348,0.0015106736394717565,same_hand_different_fingers,L,middle,d,0.0,L,pinky,a,0.0,0.0,0.0,,False,0.0,outward,True,True,"day, data, days, standard, today, date, dark, daily, david, daughter, standards, canada"
157,yo,4226720021,0.0014990161014310313,same_hand_different_fingers,R,index,j,1.6008,R,ring,l,1.0308,2.6316,1.6008,,False,0.0,outward,True,False,"you, your, york, young, beyond, everyone, anyone, yourself, youth, younger, yours, mayor"
158,cr,4214150542,0.0014945583064235584,same_hand_different_fingers,L,middle,d,1.118,L,index,f,1.0308,2.1488,1.118,,True,2.0,inward,False,False,"increase, described, across, increased, cross, created, critical, create, description, increasing, secretary, credit"
159,cl,4201617719,0.0014901135115518744,alternate_hands,L,middle,d,1.118,R,ring,l,0.0,1.118,1.118,,True,1.0,cross_hand,True,False,"class, clear, including, close, include, clearly, included, article, claim, classes, closed, conclusion"
160,du,4186093215,0.0014846077100445331,alternate_hands,L,middle,d,0.0,R,index,j,1.0308,1.0308,1.0308,,True,1.0,cross_hand,False,False,"during, education, individual, production, due, industry, produced, product, produce, products, individuals, industrial"
161,ga,4175274057,0.0014807706704570165,same_hand_different_fingers,L,index,f,1.0,L,pinky,a,0.0,1.0,1.0,,False,0.0,outward,True,True,"against, again, began, gave, organization, legal, regard, gas, negative, game, organizations, regarded"
162,qu,4160167957,0.0014754132569029317,alternate_hands,L,pinky,a,1.0308,R,index,j,1.0308,2.0616,1.0308,,False,0.0,cross_hand,True,True,"question, quite, required, questions, quality, equal, frequently, require, quickly, equipment, square, requires"
163,ue,4158448570,0.001474803472298135,alternate_hands,R,index,j,1.0308,L,middle,d,1.0308,2.0616,1.0308,,False,0.0,cross_hand,False,False,"value, question, true, due, influence, values, continued, questions, issue, issues, frequently, blue"
164,ff,4125634219,0.0014631657862762036,same_key,L,index,f,0.0,L,index,f,0.0,0.0,0.0,,False,0.0,same_finger,False,False,"different, off, effect, office, effects, difficult, difference, effective, differences, staff, sufficient, effort"
165,ba,4122472992,0.0014620446497566957,same_hand_different_fingers,L,index,f,1.8028,L,pinky,a,0.0,1.8028,1.8028,,True,1.0,outward,True,True,"back, based, probably, basis, bank, basic, base, bad, husband, balance, battle, urban"
166,ey,4053144855,0.0014374572644723898,alternate_hands,L,middle,d,1.0308,R,index,j,1.6008,2.6316,1.6008,,False,0.0,cross_hand,False,False,"they, money, eyes, beyond, key, eye, survey, valley, journey, attorney, grey, jersey"
167,ls,3990203351,0.0014151349134589523,alternate_hands,R,ring,l,0.0,L,ring,s,0.0,0.0,0.0,,False,0.0,cross_hand,True,False,"also, cells, schools, else, levels, materials, individuals, animals, models, girls, details, walls"
168,va,3946966167,0.0013998007454339783,same_hand_different_fingers,L,index,f,1.118,L,pinky,a,0.0,1.118,1.118,,True,1.0,outward,True,True,"value, various, available, values, private, variety, advantage, van, advanced, valley, variable, evaluation"
169,um,3901923211,0.001383826156162727,same_finger_different_key,R,index,j,1.0308,R,index,j,1.118,2.1488,1.118,2.136,True,2.0,same_finger,False,False,"number, human, volume, numbers, circumstances, summer, argument, numerous, maximum, assumed, medium, sum"
170,pp,3850125519,0.0013654559840341753,same_key,R,pinky,;,1.0308,R,pinky,;,1.0308,2.0616,1.0308,,False,0.0,same_finger,True,True,"support, approach, appear, appears, application, applied, appeared, supply, upper, appropriate, opportunity, appearance"
171,ua,3844138094,0.001363332529810447,alternate_hands,R,index,j,1.0308,L,pinky,a,0.0,1.0308,1.0308,,True,1.0,cross_hand,True,True,"individual, language, usually, situation, quality, equal, actually, individuals, actual, january, annual, square"
172,up,3835093459,0.001360124828938564,same_hand_different_fingers,R,index,j,1.0308,R,pinky,;,1.0308,2.0616,1.0308,,False,0.0,outward,True,True,"up, upon, group, support, groups, supply, upper, suppose, supposed, supreme, supported, superior"
173,lu,3811884104,0.001351893577122505,same_hand_different_fingers,R,ring,l,0.0,R,index,j,1.0308,1.0308,1.0308,,True,1.0,inward,True,False,"value, including, influence, values, include, solution, volume, included, failure, blue, revolution, conclusion"
174,go,3725558729,0.0013212780817870803,alternate_hands,L,index,f,1.0,R,ring,l,1.0308,2.0308,1.0308,,True,1.0,cross_hand,True,False,"good, government, god, go, going, got, gone, goods, gold, ago, goes, governor"
175,ht,3670802795,0.0013018587622421166,alternate_hands,R,index,j,1.0,L,index,f,1.25,2.25,1.25,,True,1.0,cross_hand,False,False,"might, right, thought, light, night, brought, rights, weight, eight, daughter, ought, sight"
176,ru,3618438291,0.001283287568917398,alternate_hands,L,index,f,1.0308,R,index,j,1.0308,2.0616,1.0308,,False,0.0,cross_hand,False,False,"true, structure, rule, truth, run, rules, construction, trust, february, running, structures, russian"
177,ug,3606562400,0.001279075756509812,alternate_hands,R,index,j,1.0308,L,index,f,1.0,2.0308,1.0308,,True,1.0,cross_hand,False,False,"through, though, thought, although, enough, brought, throughout, august, suggested, daughter, ought, suggest"
178,ds,3560125353,0.0012626067496179288,same_hand_different_fingers,L,middle,d,0.0,L,ring,s,0.0,0.0,0.0,,False,0.0,outward,True,False,"words, hands, needs, methods, friends, towards, goods, records, standards, fields, kinds, funds"
179,lt,3486149365,0.001236370993149481,alternate_hands,R,ring,l,0.0,L,index,f,1.25,1.25,1.25,,True,1.0,cross_hand,True,False,"although, result, results, health, felt, difficult, culture, cultural, built, difficulty, agricultural, alternative"
180,pi,3470838749,0.001230941047519584,same_hand_different_fingers,R,pinky,;,1.0308,R,middle,k,1.0308,2.0616,1.0308,,False,0.0,inward,True,True,"capital, spirit, opinion, picture, despite, piece, hospital, spiritual, developing, empire, typical, rapidly"
181,rc,3422694015,0.0012138664054551589,same_hand_different_fingers,L,index,f,1.0308,L,middle,d,1.118,2.1488,1.118,,True,2.0,outward,False,False,"church, research, force, percent, source, march, forces, resources, circumstances, sources, exercise, commercial"
182,rr,3404547067,0.0012074305480743342,same_key,L,index,f,1.0308,L,index,f,1.0308,2.0616,1.0308,,False,0.0,same_finger,False,False,"current, carried, marriage, carry, married, arrived, correct, error, referred, occurred, corresponding, territory"
183,eg,3370515965,0.0011953613384758778,same_hand_different_fingers,L,middle,d,1.0308,L,index,f,1.0,2.0308,1.0308,,True,1.0,inward,False,False,"began, college, beginning, degree, region, legal, regard, begin, negative, regular, regarded, strategy"
184,au,3356322923,0.0011903277430684266,alternate_hands,L,pinky,a,0.0,R,index,j,1.0308,1.0308,1.0308,,True,1.0,cross_hand,True,True,"because, cause, authority, author, paul, august, caused, causes, beautiful, daughter, beauty, authorities"
185,ck,3316660134,0.0011762612425566196,alternate_hands,L,middle,d,1.118,R,middle,k,0.0,1.118,1.118,,True,1.0,cross_hand,False,False,"back, black, stock, lack, attack, quickly, rock, check, background, block, thick, neck"
186,ew,3293529190,0.0011680577993843661,same_hand_different_fingers,L,middle,d,1.0308,L,ring,s,1.0308,2.0616,1.0308,,False,0.0,outward,True,False,"new, few, view, knew, review, news, somewhat, views, jewish, jews, grew, interview"
187,mu,3231856188,0.001146185325560156,same_finger_different_key,R,index,j,1.118,R,index,j,1.0308,2.1488,1.118,2.136,True,2.0,same_finger,False,False,"must, much, community, music, communication, maximum, minimum, multiple, museum, communities, muscle, communist"
188,br,3145611704,0.0011155985184063137,same_finger_different_key,L,index,f,1.8028,L,index,f,1.0308,2.8336,1.8028,2.6575,True,2.0,same_finger,False,False,"brought, british, bring, library, brother, brown, britain, february, brain, break, broad, broken"
189,bi,3005679357,0.0010659711855756885,alternate_hands,L,index,f,1.8028,R,middle,k,1.0308,2.8336,1.8028,,True,2.0,cross_hand,False,False,"big, ability, bill, responsibility, ibid, birth, possibility, bit, combination, combined, bishop, birds"
190,pt,2982699529,0.0010578213360448539,alternate_hands,R,pinky,;,1.0308,L,index,f,1.25,2.2808,1.25,,False,0.0,cross_hand,True,True,"chapter, except, kept, attempt, september, concept, description, accepted, accept, captain, adopted, symptoms"
191,ak,2952167845,0.0010469932031918583,alternate_hands,L,pinky,a,0.0,R,middle,k,0.0,0.0,0.0,,False,0.0,cross_hand,True,True,"make, take, taken, making, makes, taking, takes, speak, speaking, lake, break, weak"
192,pu,2947681332,0.001045402050905247,same_hand_different_fingers,R,pinky,;,1.0308,R,index,j,1.0308,2.0616,1.0308,,False,0.0,inward,True,True,"public, put, population, purpose, published, popular, computer, purposes, output, pure, republic, publication"
193,ui,2852182384,0.0010115331265358833,same_hand_different_fingers,R,index,j,1.0308,R,middle,k,1.0308,2.0616,1.0308,,False,0.0,outward,False,False,"quite, required, building, built, require, quickly, equipment, requires, requirements, guide, build, buildings"
194,rg,2813274913,0.0009977345013122607,same_finger_different_key,L,index,f,1.0308,L,index,f,1.0,2.0308,1.0308,1.6008,True,1.0,same_finger,False,False,"large, energy, organization, george, larger, charge, argument, organizations, largely, organized, virginia, largest"
195,ib,2780268452,0.0009860286830313163,alternate_hands,R,middle,k,1.0308,L,index,f,1.8028,2.8336,1.8028,,True,2.0,cross_hand,False,False,"possible, described, distribution, library, impossible, responsibility, responsible, ibid, possibility, describe, possibly, liberty"
196,tl,2775935006,0.0009844918163128189,alternate_hands,L,index,f,1.25,R,ring,l,0.0,1.25,1.25,,True,1.0,cross_hand,True,False,"little, directly, frequently, title, battle, recently, exactly, apparently, slightly, greatly, settlement, partly"
197,ny,2760941827,0.0009791744504544292,same_finger_different_key,R,index,j,1.118,R,index,j,1.6008,2.7188,1.6008,2.136,True,2.0,same_finger,False,False,"any, many, company, anything, germany, anyone, colony, testimony, tiny, deny, harmony, anyway"
198,ki,2759841743,0.0009787843031012254,same_finger_different_key,R,middle,k,0.0,R,middle,k,1.0308,1.0308,1.0308,1.0308,True,1.0,same_finger,False,False,"making, king, kind, working, taking, looking, thinking, skin, speaking, kinds, kingdom, killed"
199,rk,2736041446,0.0009703434723282896,alternate_hands,L,index,f,1.0308,R,middle,k,0.0,1.0308,1.0308,,True,1.0,cross_hand,False,False,"work, york, working, market, works, workers, dark, worked, mark, network, marked, park"
200,ys,2730343336,0.0009683226243432593,alternate_hands,R,index,j,1.6008,L,ring,s,0.0,1.6008,1.6008,,True,1.0,cross_hand,True,False,"system, always, days, analysis, systems, says, physical, ways, myself, boys, plays, physician"
201,ob,2725791138,0.0009667081767183874,alternate_hands,R,ring,l,1.0308,L,index,f,1.8028,2.8336,1.8028,,True,2.0,cross_hand,True,False,"problem, problems, probably, object, obtained, job, observed, robert, october, objects, obtain, obvious"
202,mm,2708822249,0.0009606901207061564,same_key,R,index,j,1.118,R,index,j,1.118,2.2361,1.118,,False,0.0,same_finger,False,False,"common, community, committee, immediately, commission, command, communication, summer, commercial, immediate, mm, communities"
203,fu,2706168901,0.0009597491046570832,alternate_hands,L,index,f,0.0,R,index,j,1.0308,1.0308,1.0308,,True,1.0,cross_hand,False,False,"further, full, future, function, useful, functions, fully, successful, beautiful, powerful, carefully, fundamental"
204,ph,2661480326,0.0009439001974329991,same_hand_different_fingers,R,pinky,;,1.0308,R,index,j,1.0,2.0308,1.0308,,True,1.0,inward,True,True,"physical, phase, philosophy, joseph, emphasis, atmosphere, philadelphia, telephone, phone, phenomena, phenomenon, phrase"
205,og,2651165734,0.0009402421033527496,alternate_hands,R,ring,l,1.0308,L,index,f,1.0,2.0308,1.0308,,True,1.0,cross_hand,True,False,"together, program, progress, programs, technology, recognized, psychology, psychological, recognition, dog, recognize, logic"
206,ms,2617582287,0.0009283316556428383,alternate_hands,R,index,j,1.118,L,ring,s,0.0,1.118,1.118,,True,1.0,cross_hand,True,False,"himself, themselves, terms, problems, seems, systems, forms, circumstances, arms, programs, claims, items"
207,ye,2612941418,0.0009266857606412607,alternate_hands,R,index,j,1.6008,L,middle,d,1.0308,2.6316,1.6008,,False,0.0,cross_hand,False,False,"years, year, yet, eyes, yes, eye, employed, played, employees, layer, yellow, prayer"
208,ud,2577213760,0.0009140148635053416,alternate_hands,R,index,j,1.0308,L,middle,d,0.0,1.0308,1.0308,,True,1.0,cross_hand,False,False,"study, studies, students, including, include, included, student, judge, judgment, suddenly, includes, attitude"
209,mb,2544901434,0.0009025552218191082,alternate_hands,R,index,j,1.118,L,index,f,1.8028,2.9208,1.8028,,False,0.0,cross_hand,False,False,"number, members, member, numbers, remember, september, december, november, assembly, cambridge, combination, combined"
210,ip,2515455253,0.0008921120651337005,same_hand_different_fingers,R,middle,k,1.0308,R,pinky,;,1.0308,2.0616,1.0308,,False,0.0,outward,True,True,"relationship, principle, principles, description, principal, equipment, ship, relationships, leadership, multiple, ships, participation"
211,ub,2497666762,0.0008858033353629379,alternate_hands,R,index,j,1.0308,L,index,f,1.8028,2.8336,1.8028,,True,2.0,cross_hand,False,False,"public, subject, published, doubt, subjects, double, trouble, republic, subsequent, substance, publication, club"
212,oi,2474275212,0.0008775074676657127,same_hand_different_fingers,R,ring,l,1.0308,R,middle,k,1.0308,2.0616,1.0308,,False,0.0,inward,True,False,"point, going, points, doing, voice, oil, choice, soil, avoid, joint, appointed, pointed"
213,rl,2432373251,0.0008626468395880397,alternate_hands,L,index,f,1.0308,R,ring,l,0.0,1.0308,1.0308,,True,1.0,cross_hand,True,False,"world, early, particularly, earlier, clearly, nearly, charles, girl, girls, parliament, properly, fairly"
214,gu,2418410978,0.0008576950869440064,alternate_hands,L,index,f,1.0,R,index,j,1.0308,2.0308,1.0308,,True,1.0,cross_hand,False,False,"figure, language, august, figures, argument, regular, guide, distinguished, regulations, regulation, argued, begun"
215,dr,2409399231,0.0008544990498779348,same_hand_different_fingers,L,middle,d,0.0,L,index,f,1.0308,1.0308,1.0308,,True,1.0,inward,False,False,"children, hundred, address, drawn, dry, drug, drive, drawing, draw, dream, drugs, drop"
216,hr,2379584978,0.0008439253556003175,alternate_hands,R,index,j,1.0,L,index,f,1.0308,2.0308,1.0308,,True,1.0,cross_hand,False,False,"through, three, christian, throughout, christ, christianity, threat, christians, chronic, phrase, thrown, throw"
217,cc,2344219345,0.0008313828514739717,same_key,L,middle,d,1.118,L,middle,d,1.118,2.2361,1.118,,False,0.0,same_finger,False,False,"according, account, success, occur, access, successful, accepted, occurs, accept, occurred, occasion, accounts"
218,tw,2322619238,0.0008237223232097947,same_hand_different_fingers,L,index,f,1.25,L,ring,s,1.0308,2.2808,1.25,,False,0.0,outward,True,False,"two, between, twenty, network, twelve, twice, software, networks, twentieth, notwithstanding, outward, twin"
219,ft,2302659749,0.000816643643941075,same_finger_different_key,L,index,f,0.0,L,index,f,1.25,1.25,1.25,1.25,True,1.0,same_finger,False,False,"after, often, left, fifty, soft, afterwards, fifth, afternoon, shift, software, fifteen, gift"
220,wn,2227183930,0.0007898759689146779,alternate_hands,L,ring,s,1.0308,R,index,j,1.118,2.1488,1.118,,True,2.0,cross_hand,True,False,"own, down, known, shown, town, brown, drawn, crown, unknown, grown, owner, towns"
221,nu,2217508482,0.0007864445487428901,same_finger_different_key,R,index,j,1.118,R,index,j,1.0308,2.1488,1.118,2.0156,True,2.0,same_finger,False,False,"number, continued, numbers, minutes, january, continue, annual, numerous, minute, nuclear, continuous, revenue"
222,af,2092395523,0.000742072946387665,same_hand_different_fingers,L,pinky,a,0.0,L,index,f,0.0,0.0,0.0,,False,0.0,inward,True,True,"after, staff, affairs, africa, african, affected, safety, affect, safe, afterwards, afternoon, afraid"
223,hu,2077887429,0.0007369276170545124,same_finger_different_key,R,index,j,1.0,R,index,j,1.0308,2.0308,1.0308,1.25,True,1.0,same_finger,False,False,"thus, human, church, hundred, husband, churches, huge, arthur, massachusetts, humanity, hundreds, hurt"
224,nn,2051719074,0.0007276469489955757,same_key,R,index,j,1.118,R,index,j,1.118,2.2361,1.118,,False,0.0,same_finger,False,False,"beginning, manner, planning, connection, annual, running, connected, inner, dinner, personnel, channel, planned"
225,eo,2044268477,0.0007250045774136436,alternate_hands,L,middle,d,1.0308,R,ring,l,1.0308,2.0616,1.0308,,False,0.0,cross_hand,True,False,"people, theory, george, someone, moreover, theoretical, theories, peoples, theology, thereof, simultaneously, video"
226,vo,2004982879,0.0007110718485686386,alternate_hands,L,index,f,1.118,R,ring,l,1.0308,2.1488,1.118,,True,2.0,cross_hand,True,False,"vol, involved, voice, volume, revolution, avoid, von, vote, evolution, involves, favor, devoted"
227,rv,1953555667,0.000692833068035106,same_finger_different_key,L,index,f,1.0308,L,index,f,1.118,2.1488,1.118,2.136,True,2.0,same_finger,False,False,"service, services, observed, serve, served, survey, observations, observation, curve, interview, nerve, observe"
228,nf,1894270041,0.0006718072826705972,alternate_hands,R,index,j,1.118,L,index,f,0.0,1.118,1.118,,True,1.0,cross_hand,False,False,"information, influence, conference, conflict, confidence, informed, infection, unfortunately, influenced, confusion, infant, confirmed"
229,xp,1885334638,0.000668638321181966,alternate_hands,L,ring,s,1.118,R,pinky,;,1.0308,2.1488,1.118,,True,2.0,cross_hand,True,True,"experience, expected, expression, expressed, explain, explained, expect, express, experiences, experimental, explanation, experiments"
230,gn,1850801359,0.0006563910133406573,alternate_hands,L,index,f,1.0,R,index,j,1.118,2.118,1.118,,True,1.0,cross_hand,False,False,"foreign, design, significant, designed, sign, recognized, significance, signs, signal, campaign, recognition, recognize"
231,sm,1838392669,0.0006519902425265863,alternate_hands,L,ring,s,0.0,R,index,j,1.118,1.118,1.118,,True,1.0,cross_hand,True,False,"small, smith, smaller, assessment, criticism, mechanism, smile, smooth, mechanisms, transmission, smiled, smoke"
232,fl,1830098844,0.0006490488181701867,alternate_hands,L,index,f,0.0,R,ring,l,0.0,0.0,0.0,,False,0.0,cross_hand,True,False,"influence, flow, floor, conflict, flat, flowers, fluid, flight, reflected, reflect, influenced, reflection"
233,iz,1814164135,0.0006433975365040388,alternate_hands,R,middle,k,1.0308,L,pinky,a,1.118,2.1488,1.118,,True,2.0,cross_hand,True,True,"size, organization, organizations, recognized, citizens, organized, realized, recognize, elizabeth, realize, characterized, horizontal"
234,ok,1813376076,0.0006431180495439353,same_hand_different_fingers,R,ring,l,1.0308,R,middle,k,0.0,1.0308,1.0308,,True,1.0,inward,True,False,"book, took, look, looked, books, looking, broken, spoke, looks, broke, spoken, cook"
235,nl,1798491132,0.000637839069480425,same_hand_different_fingers,R,index,j,1.118,R,ring,l,0.0,1.118,1.118,,True,1.0,outward,True,False,"only, certainly, unless, suddenly, mainly, commonly, unlike, unlikely, online, enlarged, openly, stanley"
236,my,1753447198,0.0006218641333591955,same_finger_different_key,R,index,j,1.118,R,index,j,1.6008,2.7188,1.6008,2.6575,True,2.0,same_finger,False,False,"my, army, myself, economy, enemy, academy, mystery, myth, autonomy, mysterious, anatomy, myths"
237,gl,1709752272,0.0006063676260676287,alternate_hands,L,index,f,1.0,R,ring,l,0.0,1.0,1.0,,False,0.0,cross_hand,True,False,"english, single, england, glass, struggle, strongly, global, angle, increasingly, accordingly, glory, glad"
238,aw,1689436638,0.0005991626391450328,same_hand_different_fingers,L,pinky,a,0.0,L,ring,s,1.0308,1.0308,1.0308,,True,1.0,inward,True,True,"law, away, saw, laws, drawn, aware, drawing, draw, raw, awareness, lawyer, lawrence"
239,ju,1655210582,0.0005870242886563383,same_finger_different_key,R,index,j,0.0,R,index,j,1.0308,1.0308,1.0308,1.0308,True,1.0,same_finger,False,False,"just, june, july, justice, judge, judgment, injury, jurisdiction, judicial, judges, adjustment, jury"
240,oa,1620913259,0.00057486066316008,alternate_hands,R,ring,l,1.0308,L,pinky,a,0.0,1.0308,1.0308,,True,1.0,cross_hand,True,True,"approach, board, road, coast, broad, goal, goals, load, coal, boat, approaches, abroad"
241,eq,1614312175,0.0005725195733425061,same_hand_different_fingers,L,middle,d,1.0308,L,pinky,a,1.0308,2.0616,1.0308,,False,0.0,outward,True,True,"required, equal, frequently, require, equipment, requires, requirements, frequency, equation, equally, subsequent, consequence"
242,sy,1602829285,0.000568447139655051,alternate_hands,L,ring,s,0.0,R,index,j,1.6008,1.6008,1.6008,,True,1.0,cross_hand,True,False,"system, systems, easy, symptoms, psychology, psychological, pennsylvania, symbol, busy, syndrome, synthesis, sympathy"
243,sl,1575646777,0.0005588067998722335,alternate_hands,L,ring,s,0.0,R,ring,l,0.0,0.0,0.0,,False,0.0,cross_hand,True,False,"island, sleep, previously, slowly, slightly, slow, obviously, islands, legislation, translation, slave, slight"
244,ps,1538723474,0.0005457118644518548,alternate_hands,R,pinky,;,1.0308,L,ring,s,0.0,1.0308,1.0308,,True,1.0,cross_hand,True,True,"perhaps, groups, steps, relationships, troops, psychology, psychological, ships, lips, corps, crops, helps"
245,jo,1516687319,0.0005378966907487205,same_hand_different_fingers,R,index,j,0.0,R,ring,l,1.0308,1.0308,1.0308,,True,1.0,outward,True,False,"john, major, journal, job, majority, joint, joseph, johnson, joined, journey, join, jobs"
246,lf,1507867867,0.0005347688515523429,alternate_hands,R,ring,l,0.0,L,index,f,0.0,0.0,0.0,,False,0.0,cross_hand,True,False,"himself, itself, self, half, myself, herself, yourself, welfare, behalf, gulf, alfred, wolf"
247,nv,1466426243,0.0005200714830640574,alternate_hands,R,index,j,1.118,L,index,f,1.118,2.2361,1.118,,False,0.0,cross_hand,False,False,"involved, environment, investment, environmental, convention, conversation, investigation, involves, involving, conventional, involve, convinced"
248,je,1463052212,0.0005188748751102307,alternate_hands,R,index,j,0.0,L,middle,d,1.0308,1.0308,1.0308,,True,1.0,cross_hand,False,False,"subject, object, project, jesus, subjects, objects, jewish, jews, objective, projects, objectives, majesty"
249,nk,1455100124,0.0005160546485769444,same_hand_different_fingers,R,index,j,1.118,R,middle,k,0.0,1.118,1.118,,True,1.0,outward,False,False,"think, bank, thinking, banks, unknown, frank, drink, thank, rank, link, thanks, linked"
250,kn,1450401608,0.0005143883089325302,same_hand_different_fingers,R,middle,k,0.0,R,index,j,1.118,1.118,1.118,,True,1.0,inward,False,False,"know, known, knowledge, knew, knows, unknown, knowing, darkness, thickness, weakness, acknowledged, knife"
251,gs,1443474876,0.0005119317272931717,same_hand_different_fingers,L,index,f,1.0,L,ring,s,0.0,1.0,1.0,,False,0.0,outward,True,False,"things, feelings, buildings, proceedings, drugs, meetings, findings, legs, beings, writings, brings, kings"
252,dy,1421751251,0.0005042273930825643,alternate_hands,L,middle,d,0.0,R,index,j,1.6008,1.6008,1.6008,,True,1.0,cross_hand,False,False,"body, study, already, ready, lady, dynamic, steady, nobody, everybody, dying, studying, dynamics"
253,hy,1412343465,0.000500890899862585,same_finger_different_key,R,index,j,1.0,R,index,j,1.6008,2.6008,1.6008,1.0308,True,1.0,same_finger,False,False,"why, physical, philosophy, thy, hypothesis, physician, worthy, healthy, hydrogen, sympathy, physics, bibliography"
254,ze,1402290616,0.0004973256335470059,same_hand_different_fingers,L,pinky,a,1.118,L,middle,d,1.0308,2.1488,1.118,,True,2.0,inward,True,True,"size, recognized, citizens, organized, realized, recognize, zero, realize, characterized, citizen, dozen, seized"
255,ks,1339590722,0.0004750889700828898,alternate_hands,R,middle,k,0.0,L,ring,s,0.0,0.0,0.0,,False,0.0,cross_hand,True,False,"works, books, weeks, banks, looks, rocks, tasks, thanks, marks, remarks, attacks, jackson"
256,xt,1315669490,0.0004666052494304905,same_hand_different_fingers,L,ring,s,1.118,L,index,f,1.25,2.368,1.25,,True,2.0,inward,True,False,"next, text, extent, context, external, extended, extremely, extreme, extensive, extension, extra, mixture"
257,bs,1292319275,0.00045832404128730357,same_hand_different_fingers,L,index,f,1.8028,L,ring,s,0.0,1.8028,1.8028,,True,1.0,outward,True,False,"observed, absence, absolute, subsequent, substance, observations, observation, substantial, jobs, observe, absolutely, abstract"
258,ik,1209994695,0.0004291274372183285,same_finger_different_key,R,middle,k,1.0308,R,middle,k,0.0,1.0308,1.0308,1.0308,True,1.0,same_finger,False,False,"like, likely, unlike, strike, striking, likewise, liked, alike, unlikely, strikes, likelihood, mike"
259,dd,1205446875,0.00042751454226135495,same_key,L,middle,d,0.0,L,middle,d,0.0,0.0,0.0,,False,0.0,same_finger,False,False,"middle, addition, added, additional, add, address, suddenly, sudden, addressed, adding, hidden, odd"
260,cy,1176324279,0.0004171861457499762,alternate_hands,L,middle,d,1.118,R,index,j,1.6008,2.7188,1.6008,,True,2.0,cross_hand,False,False,"policy, frequency, agency, tendency, cycle, efficiency, democracy, accuracy, emergency, currency, pregnancy, mercy"
261,rp,1173542093,0.00041619943700407986,alternate_hands,L,index,f,1.0308,R,pinky,;,1.0308,2.0616,1.0308,,False,0.0,cross_hand,True,True,"purpose, purposes, corporation, interpretation, sharp, corporate, enterprise, surprise, surprised, corps, absorption, interpreted"
262,sk,1112771273,0.0003946469241277682,alternate_hands,L,ring,s,0.0,R,middle,k,0.0,0.0,0.0,,False,0.0,cross_hand,True,False,"asked, ask, risk, task, skin, skills, sky, skill, tasks, asking, desk, risks"
263,xi,1111463633,0.00039418316655567056,alternate_hands,L,ring,s,1.118,R,middle,k,1.0308,2.1488,1.118,,True,2.0,cross_hand,True,False,"existence, existing, exist, maximum, mexico, approximately, exists, anxiety, axis, existed, mexican, anxious"
264,oe,1089254517,0.00038630665183098036,alternate_hands,R,ring,l,1.0308,L,middle,d,1.0308,2.0616,1.0308,,False,0.0,cross_hand,True,False,"does, goes, poetry, poet, poem, poems, coefficient, joe, poets, shoes, negroes, coefficients"
265,oy,1020190223,0.00036181283908123666,same_hand_different_fingers,R,ring,l,1.0308,R,index,j,1.6008,2.6316,1.6008,,False,0.0,inward,True,False,"boy, employed, employment, royal, boys, employees, joy, destroyed, enjoy, employee, enjoyed, employer"
266,ws,989253674,0.00035084111991287353,same_finger_different_key,L,ring,s,1.0308,L,ring,s,0.0,1.0308,1.0308,1.0308,True,1.0,same_finger,True,False,"shows, laws, follows, news, views, knows, jews, windows, allows, newspaper, newspapers, flows"
267,lv,984229060,0.0003490591288531265,alternate_hands,R,ring,l,0.0,L,index,f,1.118,1.118,1.118,,True,1.0,cross_hand,True,False,"themselves, involved, silver, ourselves, twelve, involves, involving, involve, pennsylvania, involvement, resolved, solve"
268,dl,911886482,0.00032340266504614503,alternate_hands,L,middle,d,0.0,R,ring,l,0.0,0.0,0.0,,False,0.0,cross_hand,True,False,"middle, hardly, rapidly, handle, friendly, handling, undoubtedly, regardless, badly, repeatedly, handled, secondly"
269,rf,909634941,0.000322604150785616,same_finger_different_key,L,index,f,1.0308,L,index,f,0.0,1.0308,1.0308,1.0308,True,1.0,same_finger,False,False,"surface, performance, powerful, perfect, performed, perform, perfectly, wonderful, surfaces, interface, interference, performing"
270,eu,878402090,0.00031152734742272863,alternate_hands,L,middle,d,1.0308,R,index,j,1.0308,2.0616,1.0308,,False,0.0,cross_hand,False,False,"europe, european, museum, lieutenant, neutral, nucleus, freud, therapeutic, petroleum, europeans, eu, neural"
271,dg,874188188,0.0003100328772623043,same_hand_different_fingers,L,middle,d,0.0,L,index,f,1.0,1.0,1.0,,False,0.0,inward,False,False,"knowledge, judge, judgment, cambridge, edge, bridge, budget, judges, acknowledged, edges, ridge, acknowledge"
272,wr,867361010,0.00030761160268095306,same_hand_different_fingers,L,ring,s,1.0308,L,index,f,1.0308,2.0616,1.0308,,False,0.0,inward,True,False,"written, writing, wrote, write, wrong, writer, writers, writings, writes, lawrence, wright, wrapped"
273,xa,834649781,0.00029601048911654044,same_hand_different_fingers,L,ring,s,1.118,L,pinky,a,0.0,1.118,1.118,,True,1.0,outward,True,True,"example, examples, examination, exactly, examined, texas, examine, alexander, exact, taxation, examining, relaxation"
274,yi,812619095,0.00028819725500699606,same_hand_different_fingers,R,index,j,1.6008,R,middle,k,1.0308,2.6316,1.6008,,False,0.0,outward,False,False,"trying, saying, carrying, playing, yield, lying, underlying, varying, dying, paying, flying, applying"
275,nm,782441941,0.00027749485704436466,same_finger_different_key,R,index,j,1.118,R,index,j,1.118,2.2361,1.118,1.0,False,0.0,same_finger,False,False,"government, environment, environmental, governments, assignment, governmental, entertainment, environments, denmark, imprisonment, nm, enlightenment"
276,eb,763383542,0.0002707357514431997,same_hand_different_fingers,L,middle,d,1.0308,L,index,f,1.8028,2.8336,1.8028,,True,2.0,inward,False,False,"february, debt, web, thereby, debate, celebrated, hebrew, somebody, rebellion, whereby, debts, cerebral"
277,rb,753194669,0.00026712224389915793,same_finger_different_key,L,index,f,1.0308,L,index,f,1.8028,2.8336,1.8028,2.6575,True,2.0,same_finger,False,False,"urban, carbon, verbal, absorbed, nearby, arbitrary, verb, disturbed, herbert, harbor, marble, barbara"
278,tm,746621025,0.0002647908857415045,alternate_hands,L,index,f,1.25,R,index,j,1.118,2.368,1.25,,True,2.0,cross_hand,False,False,"treatment, department, investment, atmosphere, commitment, appointment, adjustment, departments, christmas, apartment, investments, utmost"
279,xc,746076293,0.000264597695268772,same_hand_different_fingers,L,ring,s,1.118,L,middle,d,1.118,2.2361,1.118,,False,0.0,inward,True,False,"except, exchange, excellent, exception, excess, excessive, excited, exclusive, exclusively, excitement, excluded, exceptions"
280,eh,742240059,0.00026323716594431096,alternate_hands,L,middle,d,1.0308,R,index,j,1.0,2.0308,1.0308,,True,1.0,cross_hand,False,False,"behind, behavior, household, behaviour, comprehensive, behalf, vehicle, somehow, behavioral, behaviors, vehicles, households"
281,tc,736955048,0.00026136282448192903,same_hand_different_fingers,L,index,f,1.25,L,middle,d,1.118,2.368,1.25,,True,2.0,outward,False,False,"watch, watched, dutch, kitchen, outcome, watching, catch, match, outcomes, switch, pitch, sketch"
282,gy,731420025,0.0002593998156813537,alternate_hands,L,index,f,1.0,R,index,j,1.6008,2.6008,1.6008,,True,1.0,cross_hand,False,False,"energy, technology, strategy, psychology, egypt, theology, ideology, clergy, egyptian, sociology, biology, analogy"
283,ja,729206855,0.00025861490978535843,alternate_hands,R,index,j,0.0,L,pinky,a,0.0,0.0,0.0,,False,0.0,cross_hand,True,True,"james, january, japanese, japan, jack, jackson, adjacent, jane, benjamin, jacob, jail, jan"
284,hn,726288117,0.0002575797725545694,same_finger_different_key,R,index,j,1.0,R,index,j,1.118,2.118,1.118,1.118,True,1.0,same_finger,False,False,"john, technology, technical, techniques, technique, johnson, ethnic, technological, technologies, johnny, johnston, johns"
285,yp,702499946,0.0002491432422957806,same_hand_different_fingers,R,index,j,1.6008,R,pinky,;,1.0308,2.6316,1.6008,,False,0.0,outward,True,True,"type, types, typical, egypt, hypothesis, typically, egyptian, hypotheses, hypertension, hypothetical, prototype, egyptians"
286,za,702199296,0.00024903661607292787,same_finger_different_key,L,pinky,a,1.118,L,pinky,a,0.0,1.118,1.118,1.118,True,1.0,same_finger,True,True,"organization, organizations, elizabeth, civilization, organizational, realization, utilization, hazard, characterization, hazardous, reorganization, hazards"
287,gg,697999944,0.00024754730610389725,same_key,L,index,f,1.0,L,index,f,1.0,2.0,1.0,,False,0.0,same_finger,False,False,"suggested, suggest, struggle, suggests, eggs, suggestion, suggestions, egg, aggressive, aggregate, suggesting, aggression"
288,ym,667551857,0.00023674882112168774,same_finger_different_key,R,index,j,1.6008,R,index,j,1.118,2.7188,1.6008,2.6575,True,2.0,same_finger,False,False,"employment, symptoms, payment, payments, symbol, sympathy, symbols, unemployment, symbolic, enzyme, sympathetic, enjoyment"
289,sw,663415953,0.00023528201313365683,same_finger_different_key,L,ring,s,0.0,L,ring,s,1.0308,1.0308,1.0308,1.0308,True,1.0,same_finger,True,False,"answer, answered, sweet, answers, sword, switch, sweden, swept, swift, switzerland, swimming, swedish"
290,bj,654853039,0.00023224515573657463,alternate_hands,L,index,f,1.8028,R,index,j,0.0,1.8028,1.8028,,True,1.0,cross_hand,False,False,"subject, object, subjects, objects, objective, objectives, subjected, objection, subjective, objections, objected, objectivity"
291,lm,649112313,0.00023020919388787198,same_hand_different_fingers,R,ring,l,0.0,R,index,j,1.118,1.118,1.118,,True,1.0,inward,True,False,"almost, film, films, calm, realm, pulmonary, palm, overwhelming, salmon, holmes, palmer, fulfillment"
292,cs,643530723,0.00022822966999227055,same_hand_different_fingers,L,middle,d,1.118,L,ring,s,0.0,1.118,1.118,,True,1.0,outward,True,False,"politics, characteristics, statistics, economics, critics, ethics, physics, mathematics, topics, dynamics, catholics, mechanics"
293,ii,642384029,0.00022782299229399052,same_key,R,middle,k,1.0308,R,middle,k,1.0308,2.0616,1.0308,,False,0.0,same_finger,False,False,"ii, iii, vii, viii, xii, xiii, xvii, hawaii, xviii, xxii, xxiii, hawaiian"
294,ix,621227893,0.0002203199193791771,alternate_hands,R,middle,k,1.0308,L,ring,s,1.118,2.1488,1.118,,True,2.0,cross_hand,True,False,"six, fixed, mixed, appendix, mixture, matrix, sixty, sixth, ix, mix, sixteen, fix"
295,xe,614533122,0.00021794560324881292,same_hand_different_fingers,L,ring,s,1.118,L,middle,d,1.0308,2.1488,1.118,,True,2.0,inward,True,False,"exercise, fixed, executive, mixed, taxes, execution, exercises, executed, exercised, boxes, relaxed, execute"
296,oh,602121281,0.00021354371492525182,same_hand_different_fingers,R,ring,l,1.0308,R,index,j,1.0,2.0308,1.0308,,True,1.0,inward,True,False,"john, oh, johnson, alcohol, ohio, prohibited, prohibition, cohen, coherent, johnny, alcoholic, johnston"
297,lk,555883002,0.00019714520156759115,same_hand_different_fingers,R,ring,l,0.0,R,middle,k,0.0,0.0,0.0,,False,0.0,inward,True,False,"talk, walk, talking, walked, milk, walking, talked, folk, bulk, silk, walker, talks"
298,dv,537221821,0.00019052697025543044,same_hand_different_fingers,L,middle,d,0.0,L,index,f,1.118,1.118,1.118,,True,1.0,inward,False,False,"advantage, advanced, advance, advice, advantages, advertising, advances, advised, adverse, adventure, advocate, advisory"
299,lp,536595562,0.00019030486604223394,same_hand_different_fingers,R,ring,l,0.0,R,pinky,;,1.0308,1.0308,1.0308,,True,1.0,outward,True,True,"help, helped, philadelphia, helpful, helps, helping, ralph, sculpture, alpha, helpless, sulphur, pulp"
300,ax,531206960,0.0001883937857903907,same_hand_different_fingers,L,pinky,a,0.0,L,ring,s,1.118,1.118,1.118,,True,1.0,inward,True,True,"tax, maximum, taxes, axis, taxation, max, relaxation, fax, relaxed, saxon, taxable, wax"
301,ox,523764012,0.0001857541269441267,alternate_hands,R,ring,l,1.0308,L,ring,s,1.118,2.1488,1.118,,True,2.0,cross_hand,True,False,"box, oxford, approximately, oxygen, fox, boxes, orthodox, oxide, approximate, dioxide, toxic, oxidation"
302,uf,522547858,0.00018532281509504224,alternate_hands,R,index,j,1.0308,L,index,f,0.0,1.0308,1.0308,,True,1.0,cross_hand,False,False,"sufficient, suffering, suffered, manufacturing, sufficiently, suffer, manufacture, stuff, manufacturers, manufacturer, manufactured, insufficient"
303,dm,512522701,0.00018176736981177067,alternate_hands,L,middle,d,0.0,R,index,j,1.118,1.118,1.118,,True,1.0,cross_hand,False,False,"administration, administrative, admitted, amendment, admit, admission, administered, admiral, admiration, administrator, grandmother, administrators"
304,iu,490874936,0.0001740899395268762,same_hand_different_fingers,R,middle,k,1.0308,R,index,j,1.0308,2.0616,1.0308,,False,0.0,inward,False,False,"medium, equilibrium, genius, sodium, calcium, triumph, radius, potassium, belgium, premium, symposium, magnesium"
305,sf,483979931,0.00017164460994197454,same_hand_different_fingers,L,ring,s,0.0,L,index,f,0.0,0.0,0.0,,False,0.0,inward,True,False,"successful, transfer, satisfaction, satisfied, transformation, satisfactory, successfully, transferred, satisfy, transformed, transform, transfers"
306,bt,482272940,0.00017103922160745399,same_finger_different_key,L,index,f,1.8028,L,index,f,1.25,3.0528,1.8028,2.136,True,2.0,same_finger,False,False,"obtained, doubt, obtain, debt, undoubtedly, obtaining, subtle, doubtless, debts, doubtful, doubts, debtor"
307,ka,478095427,0.0001695576568906465,alternate_hands,R,middle,k,0.0,L,pinky,a,0.0,0.0,0.0,,False,0.0,cross_hand,True,True,"remarkable, package, okay, kansas, karl, kant, remarkably, kate, alaska, packages, arkansas, nebraska"
308,yt,470429861,0.00016683904605210232,alternate_hands,R,index,j,1.6008,L,index,f,1.25,2.8508,1.6008,,False,0.0,cross_hand,False,False,"anything, everything, myth, analytical, rhythm, myths, analytic, presbyterian, mythology, rhythmic, psychoanalytic, lymphocytes"
309,ek,464449289,0.00016471802226078754,alternate_hands,L,middle,d,1.0308,R,middle,k,0.0,1.0308,1.0308,,True,1.0,cross_hand,False,False,"week, weeks, greek, seek, seeking, creek, weekly, seeks, greeks, cheek, cheeks, weekend"
310,pm,449910017,0.0001595616355773069,same_hand_different_fingers,R,pinky,;,1.0308,R,index,j,1.118,2.1488,1.118,,True,2.0,inward,True,True,"development, equipment, developments, developmental, pm, chapman, shipment, ppm, shipments, rpm, encampment, redevelopment"
311,ya,444542870,0.00015765816439119228,alternate_hands,R,index,j,1.6008,L,pinky,a,0.0,1.6008,1.6008,,True,1.0,cross_hand,True,True,"royal, yards, yard, voyage, loyalty, payable, yale, loyal, kenya, yang, ryan, courtyard"
312,gt,434302509,0.0001540263965080112,same_finger_different_key,L,index,f,1.0,L,index,f,1.25,2.25,1.25,1.0308,True,1.0,same_finger,False,False,"length, washington, strength, strengthen, strengthened, lengths, wavelength, strengths, strengthening, lengthy, wellington, lexington"
313,wl,429185823,0.00015221175189898594,alternate_hands,L,ring,s,1.0308,R,ring,l,0.0,1.0308,1.0308,,True,1.0,cross_hand,True,False,"knowledge, slowly, newly, acknowledged, acknowledge, bowl, acknowledgment, acknowledgments, narrowly, acknowledging, acknowledges, owl"
314,rh,426095630,0.00015111580775304897,alternate_hands,L,index,f,1.0308,R,index,j,1.0,2.0308,1.0308,,True,1.0,cross_hand,False,False,"perhaps, neighborhood, rhythm, rhetoric, overhead, neighbourhood, rhetorical, rhode, durham, brotherhood, hemorrhage, rhine"
315,yl,416082307,0.00014756455942544424,same_hand_different_fingers,R,index,j,1.6008,R,ring,l,0.0,1.6008,1.6008,,True,1.0,outward,True,False,"style, pennsylvania, taylor, styles, cylinder, maryland, daylight, lifestyle, asylum, methyl, cylindrical, syllable"
316,hs,414044112,0.00014684170882079659,alternate_hands,R,index,j,1.0,L,ring,s,0.0,1.0,1.0,,False,0.0,cross_hand,True,False,"months, notwithstanding, photographs, paths, deaths, truths, depths, lengths, paragraphs, myths, strengths, mouths"
317,ah,384694919,0.0001364329491555188,alternate_hands,L,pinky,a,0.0,R,index,j,1.0,1.0,1.0,,False,0.0,cross_hand,True,True,"ahead, ah, abraham, sarah, graham, yeah, oklahoma, shah, utah, isaiah, messiah, hannah"
318,yc,380670476,0.00013500567107078203,alternate_hands,R,index,j,1.6008,L,middle,d,1.118,2.7188,1.6008,,True,2.0,cross_hand,False,False,"psychology, psychological, cycle, cycles, psychiatric, psychiatry, psychic, psychologists, psychotherapy, joyce, psychologist, encyclopedia"
319,yn,372595315,0.00013214179641135189,same_finger_different_key,R,index,j,1.6008,R,index,j,1.118,2.7188,1.6008,2.136,True,2.0,same_finger,False,False,"dynamic, syndrome, synthesis, dynamics, dynasty, synthetic, reynolds, syntax, wayne, brooklyn, lynn, synagogue"
320,rw,359714599,0.00012757362047681434,same_hand_different_fingers,L,index,f,1.0308,L,ring,s,1.0308,2.0616,1.0308,,False,0.0,outward,True,False,"forward, otherwise, afterwards, afterward, overwhelming, norway, darwin, straightforward, doorway, norwegian, overwhelmed, underwent"
321,hm,359316447,0.0001274324149425344,same_finger_different_key,R,index,j,1.0,R,index,j,1.118,2.118,1.118,1.8028,True,1.0,same_finger,False,False,"establishment, punishment, attachment, algorithm, rhythm, richmond, arithmetic, establishments, detachment, algorithms, englishman, accomplishment"
322,lw,356374125,0.0001263889135912073,alternate_hands,R,ring,l,0.0,L,ring,s,1.0308,1.0308,1.0308,,True,1.0,cross_hand,True,False,"always, railway, railways, milwaukee, hallway, whirlwind, bulwark, galway, stalwart, bulwer, selwyn, bulwarks"
323,hl,355049620,0.00012591917480757334,same_hand_different_fingers,R,index,j,1.0,R,ring,l,0.0,1.0,1.0,,False,0.0,outward,True,False,"highly, thoroughly, monthly, roughly, chloride, earthly, pamphlet, athletic, highlight, chlorine, smoothly, highlands"
324,ae,349540062,0.00012396519722856773,same_hand_different_fingers,L,pinky,a,0.0,L,middle,d,1.0308,1.0308,1.0308,,True,1.0,inward,True,True,"israel, michael, aesthetic, caesar, israeli, archaeological, archaeology, larvae, aerial, aesthetics, mediaeval, algae"
325,zi,341671190,0.00012117448344352996,alternate_hands,L,pinky,a,1.118,R,middle,k,1.0308,2.1488,1.118,,True,2.0,cross_hand,True,True,"magazine, brazil, magazines, organizing, zinc, nazi, recognizing, amazing, analyzing, freezing, realizing, grazing"
326,az,334669428,0.00011869129223989193,same_finger_different_key,L,pinky,a,0.0,L,pinky,a,1.118,1.118,1.118,1.118,True,1.0,same_finger,True,True,"magazine, brazil, gaze, magazines, crazy, nazi, hazard, amazing, gazette, hazardous, jazz, hazards"
327,lc,333338045,0.00011821911415753592,alternate_hands,R,ring,l,0.0,L,middle,d,1.118,1.118,1.118,,True,1.0,cross_hand,True,False,"calculated, alcohol, welcome, calcium, calculation, calculations, calculate, calcutta, welcomed, calculating, alcoholic, volcanic"
328,py,331698156,0.00011763752370362693,same_hand_different_fingers,R,pinky,;,1.0308,R,index,j,1.6008,2.6316,1.6008,,False,0.0,inward,True,True,"happy, therapy, copy, copyright, occupy, unhappy, psychotherapy, occupying, copying, pyramid, spy, chemotherapy"
329,aj,331384552,0.00011752630331449835,alternate_hands,L,pinky,a,0.0,R,index,j,0.0,0.0,0.0,,False,0.0,cross_hand,True,True,"major, majority, majesty, trajectory, raja, majestic, aj, navajo, raj, majors, trajectories, rajasthan"
330,iq,318727904,0.00011303759361811866,alternate_hands,R,middle,k,1.0308,L,pinky,a,1.0308,2.0616,1.0308,,False,0.0,cross_hand,True,True,"techniques, technique, liquid, unique, critique, antiquity, liquor, liquids, oblique, antique, uniquely, iq"
331,nj,312598990,0.00011086395999094682,same_finger_different_key,R,index,j,1.118,R,index,j,0.0,1.118,1.118,1.118,True,1.0,same_finger,False,False,"injury, enjoy, enjoyed, benjamin, injuries, injection, injured, conjunction, enjoyment, injustice, enjoying, unjust"
332,bb,308276690,0.00010933104622731352,same_key,L,index,f,1.8028,L,index,f,1.8028,3.6056,1.8028,,False,0.0,same_finger,False,False,"rubber, caribbean, rabbit, abbey, sabbath, grabbed, rabbi, abbot, rubbed, lobby, bubble, rabbits"
333,nh,306883963,0.00010883711235245899,same_finger_different_key,R,index,j,1.118,R,index,j,1.0,2.118,1.118,1.118,True,1.0,same_finger,False,False,"inhabitants, inherent, enhanced, inheritance, unhappy, enhance, inherited, inhibition, inhabited, eisenhower, enhancement, manhattan"
334,uo,300484143,0.00010656740128132193,same_hand_different_fingers,R,index,j,1.0308,R,ring,l,1.0308,2.0616,1.0308,,False,0.0,outward,True,False,"continuous, quoted, quote, continuously, conspicuous, liquor, quotation, ambiguous, quo, quotations, quotes, virtuous"
335,kl,298033281,0.0001056981973638322,same_hand_different_fingers,R,middle,k,0.0,R,ring,l,0.0,0.0,0.0,,False,0.0,outward,True,False,"quickly, weekly, franklin, oklahoma, frankly, brooklyn, klein, folklore, ankle, tackle, reckless, checklist"
336,lr,283411884,0.00010051268485779453,alternate_hands,R,ring,l,0.0,L,index,f,1.0308,1.0308,1.0308,,True,1.0,cross_hand,True,False,"already, railroad, cavalry, railroads, rivalry, jewelry, chivalry, ulrich, lr, rivalries, ballroom, alright"
337,tn,282266629,0.0001001065175042166,alternate_hands,L,index,f,1.25,R,index,j,1.118,2.368,1.25,,True,2.0,cross_hand,False,False,"witness, partner, partners, partnership, vietnam, witnesses, witnessed, lightning, greatness, fitness, vietnamese, brightness"
338,gm,277966576,9.858149369095683e-05,alternate_hands,L,index,f,1.0,R,index,j,1.118,2.118,1.118,,True,1.0,cross_hand,False,False,"judgment, segment, fragments, segments, judgments, fragment, paradigm, gm, pragmatic, acknowledgment, pigment, diaphragm"
339,sn,258702825,9.174955952463224e-05,alternate_hands,L,ring,s,0.0,R,index,j,1.118,1.118,1.118,,True,1.0,cross_hand,True,False,"consciousness, snow, snake, righteousness, snapped, snakes, seriousness, snap, transnational, disney, snatched, helplessness"
340,nr,258048421,9.151747362162302e-05,alternate_hands,R,index,j,1.118,L,index,f,1.0308,2.1488,1.118,,True,2.0,cross_hand,False,False,"henry, genre, unreasonable, monroe, enrolled, henri, unrelated, conrad, enriched, masonry, enrollment, unrest"
341,fy,256535008,9.098073817573506e-05,alternate_hands,L,index,f,0.0,R,index,j,1.6008,1.6008,1.6008,,True,1.0,cross_hand,False,False,"identify, satisfy, justify, identifying, specify, modify, satisfying, qualify, clarify, verify, testify, signify"
342,mn,247850339,8.790070008427924e-05,same_finger_different_key,R,index,j,1.118,R,index,j,1.118,2.2361,1.118,1.0,False,0.0,same_finger,False,False,"column, columns, autumn, condemned, solemn, damn, condemnation, damned, hymn, condemn, hymns, mn"
343,dw,230152384,8.162407911681682e-05,same_hand_different_fingers,L,middle,d,0.0,L,ring,s,1.0308,1.0308,1.0308,,True,1.0,outward,True,False,"edward, hardware, dwelling, edwards, worldwide, dwell, edwin, baldwin, broadway, dwellings, bandwidth, sandwich"
344,sb,223212317,7.916276818864494e-05,same_hand_different_fingers,L,ring,s,0.0,L,index,f,1.8028,1.8028,1.8028,,True,1.0,inward,True,False,"husband, husbands, isbn, pittsburgh, petersburg, presbyterian, lesbian, salisbury, lisbon, asbestos, disbelief, husbandry"
345,yr,219696469,7.791586450541088e-05,alternate_hands,R,index,j,1.6008,L,index,f,1.0308,2.6316,1.6008,,False,0.0,cross_hand,False,False,"copyright, syria, thyroid, tyranny, byron, pyramid, martyr, syrian, tyrant, payroll, lyric, martyrs"
346,dn,213431654,7.569403327201283e-05,alternate_hands,L,middle,d,0.0,R,index,j,1.118,1.118,1.118,,True,1.0,cross_hand,False,False,"dna, goodness, kindness, kidney, midnight, sydney, wednesday, madness, sidney, sadness, hardness, gardner"
347,sq,209894196,7.443946555193908e-05,same_hand_different_fingers,L,ring,s,0.0,L,pinky,a,1.0308,1.0308,1.0308,,True,1.0,outward,True,True,"square, squares, squadron, esq, picturesque, sql, mosque, squeezed, squire, squeeze, grotesque, squad"
348,zo,202480511,7.181018489679211e-05,alternate_hands,L,pinky,a,1.118,R,ring,l,1.0308,2.1488,1.118,,True,2.0,cross_hand,True,True,"zone, horizontal, horizon, zones, arizona, schizophrenia, zoning, ozone, horizons, horizontally, lorenzo, amazon"
349,oj,196696657,6.97589276024244e-05,same_hand_different_fingers,R,ring,l,1.0308,R,index,j,0.0,1.0308,1.0308,,True,1.0,inward,True,False,"project, projects, projected, projection, projections, projecting, oj, sojourn, projectile, trojan, projector, projective"
350,yd,192245315,6.818024879289267e-05,alternate_hands,R,index,j,1.6008,L,middle,d,0.0,1.6008,1.6008,,True,1.0,cross_hand,False,False,"hydrogen, everyday, lloyd, sydney, hydraulic, carbohydrate, hyde, hydrochloric, boyd, hydroxide, carbohydrates, hydrolysis"
351,lb,188643782,6.690295672480866e-05,alternate_hands,R,ring,l,0.0,L,index,f,1.8028,1.8028,1.8028,,True,1.0,cross_hand,True,False,"albert, gilbert, elbow, albany, albeit, melbourne, lb, lbs, bulb, album, alberta, heidelberg"
352,wt,184446342,6.541432485103197e-05,same_hand_different_fingers,L,ring,s,1.0308,L,index,f,1.25,2.2808,1.25,,False,0.0,inward,True,False,"growth, newton, hawthorne, wto, wt, growths, newtonian, outgrowth, undergrowth, lawton, pewter, hawthorn"
353,lg,171657388,6.087869252355049e-05,alternate_hands,R,ring,l,0.0,L,index,f,1.0,1.0,1.0,,False,0.0,cross_hand,True,False,"algorithm, belgium, algorithms, vulgar, belgian, pilgrimage, indulgence, pilgrims, bulgaria, indulge, algebra, pilgrim"
354,ko,171324962,6.0760796868276776e-05,same_hand_different_fingers,R,middle,k,0.0,R,ring,l,1.0308,1.0308,1.0308,,True,1.0,outward,True,False,"korea, korean, kong, dakota, reckoned, reckon, reckoning, koch, bangkok, ko, koran, lookout"
355,np,170186564,6.035706136572198e-05,same_hand_different_fingers,R,index,j,1.118,R,pinky,;,1.0308,2.1488,1.118,,True,2.0,outward,True,True,"input, unpublished, inputs, unpleasant, manpower, unprecedented, commonplace, np, gnp, nonprofit, unpredictable, unpaid"
356,sr,168896339,5.989948006394196e-05,same_hand_different_fingers,L,ring,s,0.0,L,index,f,1.0308,1.0308,1.0308,,True,1.0,inward,True,False,"israel, classroom, israeli, ussr, sri, disregard, disruption, classrooms, sr, disregarded, israelites, disruptive"
357,nq,167770304,5.9500129128136294e-05,alternate_hands,R,index,j,1.118,L,pinky,a,1.0308,2.1488,1.118,,True,2.0,cross_hand,True,True,"inquiry, conquest, conquered, inquiries, inquire, inquired, enquiry, conquer, delinquency, banquet, conqueror, unquestionably"
358,ky,167761726,5.949708692045417e-05,same_hand_different_fingers,R,middle,k,0.0,R,index,j,1.6008,1.6008,1.6008,,True,1.0,inward,False,False,"sky, tokyo, kentucky, lucky, rocky, risky, sticky, kyoto, whisky, trotsky, milky, bulky"
359,ln,165509578,5.8698357385961136e-05,same_hand_different_fingers,R,ring,l,0.0,R,index,j,1.118,1.118,1.118,,True,1.0,inward,True,False,"illness, lincoln, ln, vulnerable, usefulness, vulnerability, illnesses, walnut, fullness, stillness, malnutrition, fulness"
360,nw,163456000,5.797005116452936e-05,alternate_hands,R,index,j,1.118,L,ring,s,1.0308,2.1488,1.118,,True,2.0,cross_hand,True,False,"meanwhile, commonwealth, downward, inward, unwilling, unworthy, onwards, onward, downwards, unwanted, nationwide, cornwall"
361,tf,159626603,5.661194659804483e-05,same_finger_different_key,L,index,f,1.25,L,index,f,0.0,1.25,1.25,1.25,True,1.0,same_finger,False,False,"platform, doubtful, delightful, portfolio, straightforward, thoughtful, fruitful, platforms, hartford, outfit, respectful, respectfully"
362,fs,155349948,5.509522093998982e-05,same_hand_different_fingers,L,index,f,0.0,L,ring,s,0.0,0.0,0.0,,False,0.0,outward,True,False,"beliefs, chiefs, offset, offspring, cliffs, plaintiffs, proofs, roofs, tariffs, offshore, motifs, staffs"
363,cq,154363546,5.4745391172903915e-05,same_hand_different_fingers,L,middle,d,1.118,L,pinky,a,1.0308,2.1488,1.118,,True,2.0,outward,True,True,"acquired, acquisition, acquire, acquainted, acquaintance, acquiring, jacques, acquisitions, acquires, acquaintances, acquitted, acquiescence"
364,dh,153344431,5.438395966416432e-05,alternate_hands,L,middle,d,0.0,R,index,j,1.0,1.0,1.0,,False,0.0,cross_hand,False,False,"childhood, buddhist, buddha, gandhi, buddhism, adherence, adhere, adherents, adhesion, adhered, adhesive, dharma"
365,sd,148275222,5.258615288378493e-05,same_hand_different_fingers,L,ring,s,0.0,L,middle,d,0.0,0.0,0.0,,False,0.0,inward,True,False,"wisdom, jurisdiction, tuesday, thursday, wednesday, sd, jurisdictions, disdain, dresden, transducer, sds, usda"
366,vy,138085211,4.897224174539224e-05,alternate_hands,L,index,f,1.118,R,index,j,1.6008,2.7188,1.6008,,True,2.0,cross_hand,False,False,"heavy, navy, levy, envy, privy, ivy, davy, livy, wavy, scurvy, levying, gravy"
367,dj,134832736,4.781874391012554e-05,alternate_hands,L,middle,d,0.0,R,index,j,0.0,0.0,0.0,,False,0.0,cross_hand,False,False,"adjustment, adjacent, adjusted, adjust, adjustments, adjoining, adjusting, adjective, adjectives, adjustable, adjourned, adjunct"
368,hw,134615178,4.774158645863246e-05,alternate_hands,R,index,j,1.0,L,ring,s,1.0308,2.0308,1.0308,,True,1.0,cross_hand,True,False,"highway, northwest, southwest, pathway, pathways, highways, worthwhile, northwestern, northward, southward, southwestern, schwartz"
369,xu,134528161,4.771072567687967e-05,alternate_hands,L,ring,s,1.118,R,index,j,1.0308,2.1488,1.118,,True,2.0,cross_hand,True,False,"sexual, sexuality, luxury, sexually, homosexual, homosexuality, heterosexual, luxurious, plexus, luxuries, homosexuals, nexus"
370,ao,130442323,4.62616737123756e-05,alternate_hands,L,pinky,a,0.0,R,ring,l,1.0308,1.0308,1.0308,,True,1.0,cross_hand,True,True,"extraordinary, chaos, mao, aortic, chaotic, aorta, extraordinarily, rao, maori, sao, pharaoh, ao"
371,ml,129888836,4.60653782584987e-05,same_hand_different_fingers,R,index,j,1.118,R,ring,l,0.0,1.118,1.118,,True,1.0,outward,True,False,"ml, firmly, hamlet, uniformly, harmless, calmly, html, randomly, xml, warmly, dimly, kremlin"
372,uk,129819900,4.6040929945514914e-05,same_hand_different_fingers,R,index,j,1.0308,R,middle,k,0.0,1.0308,1.0308,,True,1.0,outward,False,False,"duke, uk, luke, milwaukee, ukraine, leukemia, ukrainian, rebuke, dukes, suzuki, leukocytes, archduke"
373,uy,128782521,4.567302106663002e-05,same_finger_different_key,R,index,j,1.0308,R,index,j,1.6008,2.6316,1.6008,1.0,False,0.0,same_finger,False,False,"buy, guy, buying, buyer, guys, buyers, buys, schuyler, nguyen, guyana, muy, soliloquy"
374,ej,128194584,4.546450784000317e-05,alternate_hands,L,middle,d,1.0308,R,index,j,0.0,1.0308,1.0308,,True,1.0,cross_hand,False,False,"rejected, prejudice, rejection, reject, prejudices, rejecting, rejoice, rejects, rejoicing, rejoiced, prejudiced, rejoined"
375,ez,127540198,4.523242832073589e-05,same_hand_different_fingers,L,middle,d,1.0308,L,pinky,a,1.118,2.1488,1.118,,True,2.0,outward,True,True,"breeze, freezing, freeze, venezuela, squeezed, squeeze, lopez, ezra, suez, martinez, rendezvous, rodriguez"
376,hb,123778334,4.389827449001692e-05,alternate_hands,R,index,j,1.0,L,index,f,1.8028,2.8028,1.8028,,True,1.0,cross_hand,False,False,"neighborhood, neighbors, archbishop, neighbor, neighbourhood, neighbours, neighboring, neighbouring, neighbour, neighborhoods, hb, willoughby"
377,nz,123192934,4.36906610163499e-05,alternate_hands,R,index,j,1.118,L,pinky,a,1.118,2.2361,1.118,,False,0.0,cross_hand,True,True,"enzyme, bronze, enzymes, franz, mackenzie, stanza, lorenzo, tanzania, benzene, influenza, frenzy, stanzas"
378,nb,122258836,4.335938098470417e-05,alternate_hands,R,index,j,1.118,L,index,f,1.8028,2.9208,1.8028,,False,0.0,cross_hand,False,False,"edinburgh, rainbow, unbroken, rosenberg, unbearable, greenberg, istanbul, canberra, nbc, unbalanced, unbounded, dunbar"
379,mc,121591374,4.312266403157685e-05,alternate_hands,R,index,j,1.118,L,middle,d,1.118,2.2361,1.118,,False,0.0,cross_hand,False,False,"mcgraw, mc, mccarthy, mcdonald, mcclellan, mckinley, circumcision, mccormick, mclean, mckay, armchair, mcdowell"
380,yb,121220723,4.2991211791009456e-05,alternate_hands,R,index,j,1.6008,L,index,f,1.8028,3.4036,1.8028,,True,2.0,cross_hand,False,False,"maybe, everybody, anybody, hybrid, keyboard, hybrids, hybridization, soybean, daybreak, molybdenum, soybeans, playboy"
381,tp,121089391,4.294463459127656e-05,alternate_hands,L,index,f,1.25,R,pinky,;,1.0308,2.2808,1.25,,False,0.0,cross_hand,True,True,"output, outputs, marketplace, atp, postponed, postpone, outpatient, tp, westport, http, ftp, outpost"
382,xh,117618666,4.17137338851048e-05,alternate_hands,L,ring,s,1.118,R,index,j,1.0,2.118,1.118,,True,1.0,cross_hand,True,False,"exhibit, exhibition, exhausted, exhibited, exhibits, exhaust, exhaustion, exhaustive, exhibitions, exhibiting, exhausting, inexhaustible"
383,ux,110947766,3.934788366049721e-05,alternate_hands,R,index,j,1.0308,L,ring,s,1.118,2.1488,1.118,,True,2.0,cross_hand,True,False,"flux, luxury, auxiliary, aux, influx, deux, sioux, luxurious, huxley, luxembourg, bordeaux, luxuries"
384,tz,108527540,3.8489544871772874e-05,same_hand_different_fingers,L,index,f,1.25,L,pinky,a,1.118,2.368,1.25,,True,2.0,outward,True,True,"switzerland, quartz, nietzsche, fitzgerald, schwartz, fritz, katz, schultz, tzu, waltz, auschwitz, fitz"
385,bv,108385069,3.843901719974211e-05,same_finger_different_key,L,index,f,1.8028,L,index,f,1.118,2.9208,1.8028,1.0,False,0.0,same_finger,False,False,"obvious, obviously, bv, subversive, subversion, obviate, subvert, obverse, obviated, subverted, lefebvre, hbv"
386,mf,107664447,3.818344692878059e-05,alternate_hands,R,index,j,1.118,L,index,f,0.0,1.118,1.118,,True,1.0,cross_hand,False,False,"comfort, comfortable, uncomfortable, harmful, discomfort, circumference, comfortably, imf, comforts, comforting, comforted, mf"
387,wd,99767462,3.538276280280467e-05,same_hand_different_fingers,L,ring,s,1.0308,L,middle,d,0.0,1.0308,1.0308,,True,1.0,inward,True,False,"crowd, powder, crowded, crowds, shrewd, powdered, crowding, gunpowder, powders, overcrowded, wd, overcrowding"
388,oz,97904996,3.472223489736102e-05,alternate_hands,R,ring,l,1.0308,L,pinky,a,1.118,2.1488,1.118,,True,2.0,cross_hand,True,True,"dozen, frozen, dozens, oz, ozone, mozart, spinoza, nozzle, mozambique, froze, mendoza, cozy"
389,yw,95070267,3.371689165411773e-05,alternate_hands,R,index,j,1.6008,L,ring,s,1.0308,2.6316,1.6008,,False,0.0,cross_hand,True,False,"everywhere, anyway, anywhere, hollywood, playwright, keywords, plywood, keyword, playwrights, wayward, hayward, heywood"
390,kh,89811517,3.18518637165598e-05,same_hand_different_fingers,R,middle,k,0.0,R,index,j,1.0,1.0,1.0,,False,0.0,inward,False,False,"khan, stockholders, stockholm, khrushchev, sikh, durkheim, sikhs, sheikh, lakhs, khz, stockholder, mikhail"
391,gd,89087728,3.159517026167088e-05,same_hand_different_fingers,L,index,f,1.0,L,middle,d,0.0,1.0,1.0,,False,0.0,outward,False,False,"kingdom, gdp, kingdoms, ogden, gdr, gd, magdalen, wrongdoing, magdalene, langdon, abingdon, huntingdon"
392,bm,88228719,3.1290520718792114e-05,alternate_hands,L,index,f,1.8028,R,index,j,1.118,2.9208,1.8028,,False,0.0,cross_hand,False,False,"submitted, submit, submission, ibm, submarine, submerged, submitting, submarines, submissive, bm, submissions, submits"
393,mr,87580303,3.106055847393173e-05,alternate_hands,R,index,j,1.118,L,index,f,1.0308,2.1488,1.118,,True,2.0,cross_hand,False,False,"mr, mrs, comrades, comrade, mrna, mri, nmr, primrose, qumran, comradeship, amritsar, mrp"
394,ku,85313841,3.0256752445994783e-05,same_hand_different_fingers,R,middle,k,0.0,R,index,j,1.0308,1.0308,1.0308,,True,1.0,inward,False,False,"skull, backup, ku, kuwait, kurt, pickup, kuhn, skulls, kumar, kung, markup, kuala"
395,uv,82252351,2.9170987885870377e-05,alternate_hands,R,index,j,1.0308,L,index,f,1.118,2.1488,1.118,,True,2.0,cross_hand,False,False,"juvenile, vancouver, uv, maneuver, peruvian, louvre, alluvial, maneuvers, juveniles, nouvelle, manoeuvre, nouveau"
396,dt,81648332,2.895677114048111e-05,same_hand_different_fingers,L,middle,d,0.0,L,index,f,1.25,1.25,1.25,,True,1.0,inward,False,False,"width, breadth, schmidt, bandwidth, dt, humboldt, brandt, widths, rembrandt, bedtime, ddt, hundredth"
397,hd,80544316,2.8565229294317865e-05,alternate_hands,R,index,j,1.0,L,middle,d,0.0,1.0,1.0,,False,0.0,cross_hand,False,False,"withdrawal, withdraw, withdrawn, birthday, withdrew, phd, withdrawing, baghdad, archdeacon, hd, archduke, adhd"
398,aa,79794787,2.8299407088468595e-05,same_key,L,pinky,a,0.0,L,pinky,a,0.0,0.0,0.0,,False,0.0,same_finger,True,True,"isaac, aa, aaron, transvaal, canaan, kierkegaard, naacp, gaas, aaa, bazaar, haas, baal"
399,xx,79068246,2.8041737630368995e-05,same_key,L,ring,s,1.118,L,ring,s,1.118,2.2361,1.118,,False,0.0,same_finger,True,False,"xx, xxi, xxii, xxiii, xxiv, xxv, xxx, xxvi, xxvii, xxviii, xxix, xxxi"
400,df,78347492,2.778612054529999e-05,same_hand_different_fingers,L,middle,d,0.0,L,index,f,0.0,0.0,0.0,,False,0.0,inward,False,False,"grandfather, dreadful, handful, bedford, bradford, df, needful, godfrey, steadfast, mindful, pdf, dreadfully"
401,db,78190243,2.773035182114443e-05,same_hand_different_fingers,L,middle,d,0.0,L,index,f,1.8028,1.8028,1.8028,,True,1.0,inward,False,False,"feedback, handbook, db, goodbye, cardboard, childbirth, goldberg, childbearing, broadband, handbooks, standby, lindbergh"
402,ji,77899882,2.7627374616109534e-05,same_hand_different_fingers,R,index,j,0.0,R,middle,k,1.0308,1.0308,1.0308,,True,1.0,outward,False,False,"jim, jimmy, beijing, jill, ji, fiji, meiji, gandhiji, jin, jig, jihad, jinnah"
403,kr,76743394,2.7217223452914765e-05,alternate_hands,R,middle,k,0.0,L,index,f,1.0308,1.0308,1.0308,,True,1.0,cross_hand,False,False,"bankruptcy, sanskrit, krishna, ukraine, bankrupt, ukrainian, kramer, kremlin, kr, kraft, kruger, ramakrishna"
404,xo,76097183,2.6988043216440842e-05,alternate_hands,L,ring,s,1.118,R,ring,l,1.0308,2.1488,1.118,,True,2.0,cross_hand,True,False,"nixon, saxon, exotic, exodus, dixon, exogenous, saxony, saxons, taxonomy, quixote, flexor, axons"
405,cm,75144874,2.665030461122328e-05,alternate_hands,L,middle,d,1.118,R,index,j,1.118,2.2361,1.118,,False,0.0,cross_hand,False,False,"cm, macmillan, acm, cms, cmos, mcmahon, acme, mcmillan, scm, cmv, cmc, cmea"
406,zz,75012595,2.6603391555734385e-05,same_key,L,pinky,a,1.118,L,pinky,a,1.118,2.2361,1.118,,False,0.0,same_finger,True,True,"jazz, puzzled, puzzle, fuzzy, dazzling, nozzle, puzzling, pizza, piazza, dizzy, muzzle, buzz"
407,nx,73899576,2.6208656774648996e-05,alternate_hands,R,index,j,1.118,L,ring,s,1.118,2.2361,1.118,,False,0.0,cross_hand,True,False,"anxiety, anxious, anxiously, anxieties, larynx, pharynx, phalanx, bronx, sphinx, lynx, nasopharynx, nx"
408,yg,73102462,2.5925958437702277e-05,alternate_hands,R,index,j,1.6008,L,index,f,1.0,2.6008,1.6008,,True,1.0,cross_hand,False,False,"oxygen, hygiene, playground, polygon, polygamy, hygienic, bygone, polygons, bodyguard, homozygous, playgrounds, oxygenation"
409,xy,72645837,2.5764015317761724e-05,alternate_hands,L,ring,s,1.118,R,index,j,1.6008,2.7188,1.6008,,True,2.0,cross_hand,True,False,"oxygen, orthodoxy, proxy, galaxy, sexy, hydroxyl, epoxy, xy, hydroxy, oxygenation, xyz, paroxysmal"
410,kg,72267691,2.5629904957985015e-05,alternate_hands,R,middle,k,0.0,L,index,f,1.0,1.0,1.0,,False,0.0,cross_hand,False,False,"background, kg, backgrounds, kgb, kgs, workgroup, ginkgo, ekg, blackguard, backgammon, workgroups, pkg"
411,tb,71746167,2.544494525651471e-05,same_finger_different_key,L,index,f,1.25,L,index,f,1.8028,3.0528,1.8028,2.136,True,2.0,same_finger,False,False,"football, outbreak, textbook, textbooks, basketball, tbe, outburst, tb, outbreaks, outbursts, heartbeat, setback"
412,dc,71030077,2.5190982269910315e-05,same_finger_different_key,L,middle,d,0.0,L,middle,d,1.118,1.118,1.118,1.118,True,1.0,same_finger,False,False,"dc, broadcast, broadcasting, grandchildren, broadcasts, radcliffe, cdc, woodcuts, broadcasters, childcare, ldcs, grandchild"
413,bd,69761165,2.474095967322812e-05,same_hand_different_fingers,L,index,f,1.8028,L,middle,d,0.0,1.8028,1.8028,,True,1.0,outward,False,False,"abdominal, abdomen, subdivision, subdued, bd, subdivided, subdivisions, abdul, subdue, abd, abduction, abdullah"
414,sg,69588685,2.4679789239442523e-05,same_hand_different_fingers,L,ring,s,0.0,L,index,f,1.0,1.0,1.0,,False,0.0,inward,True,False,"glasgow, disgust, disgrace, disguise, disguised, thanksgiving, disgusted, transgression, disgusting, misgivings, misguided, disgraceful"
415,wy,68368953,2.4247208444323264e-05,alternate_hands,L,ring,s,1.0308,R,index,j,1.6008,2.6316,1.6008,,False,0.0,cross_hand,True,False,"lawyer, lawyers, wyoming, shadowy, snowy, wyatt, sawyer, showy, wyndham, wylie, wynne, selwyn"
416,zy,66473188,2.3574870970960865e-05,alternate_hands,L,pinky,a,1.118,R,index,j,1.6008,2.7188,1.6008,,True,2.0,cross_hand,True,True,"enzyme, crazy, enzymes, lazy, fuzzy, frenzy, dizzy, enzymatic, hazy, cozy, homozygous, heterozygous"
417,aq,63283982,2.2443811633926902e-05,same_finger_different_key,L,pinky,a,0.0,L,pinky,a,1.0308,1.0308,1.0308,1.0308,True,1.0,same_finger,True,True,"iraq, aqueous, aquatic, opaque, iraqi, aquinas, plaque, plaques, aquarium, joaquin, aquifer, aqueduct"
418,hf,63249924,2.2431732884890087e-05,alternate_hands,R,index,j,1.0,L,index,f,0.0,1.0,1.0,,False,0.0,cross_hand,False,False,"faithful, youthful, faithfully, watchful, truthful, faithfulness, hf, healthful, truthfulness, truthfully, unfaithful, thoroughfare"
419,cd,62905910,2.230972751842257e-05,same_finger_different_key,L,middle,d,1.118,L,middle,d,0.0,1.118,1.118,1.118,True,1.0,same_finger,False,False,"cd, macdonald, oecd, mcdonald, anecdotes, anecdote, cds, mcdowell, cdc, cdna, anecdotal, ccd"
420,vu,62384927,2.2124959683862503e-05,alternate_hands,L,index,f,1.118,R,index,j,1.0308,2.1488,1.118,,True,2.0,cross_hand,False,False,"vulnerable, vulgar, vulnerability, revue, convulsions, ovulation, ovum, vulgaris, convulsive, revulsion, vu, gustavus"
421,kw,61416538,2.1781518269187193e-05,alternate_hands,R,middle,k,0.0,L,ring,s,1.0308,1.0308,1.0308,,True,1.0,cross_hand,True,False,"backward, awkward, backwards, blackwell, kw, clockwise, awkwardly, backwardness, blackwood, rockwell, lockwood, awkwardness"
422,zu,60692846,2.152485921557423e-05,alternate_hands,L,pinky,a,1.118,R,index,j,1.0308,2.1488,1.118,,True,2.0,cross_hand,True,True,"zu, zur, seizure, venezuela, seizures, zurich, zum, zulu, tzu, suzuki, azure, venezuelan"
423,bn,59062122,2.094651915026475e-05,alternate_hands,L,index,f,1.8028,R,index,j,1.118,2.9208,1.8028,,False,0.0,cross_hand,False,False,"abnormal, isbn, abnormalities, ibn, scribner, abnormality, leibniz, obnoxious, abnormally, bn, numbness, abner"
424,ih,58966344,2.0912551259453547e-05,same_hand_different_fingers,R,middle,k,1.0308,R,index,j,1.0,2.0308,1.0308,,True,1.0,inward,False,False,"likelihood, livelihood, ihe, bihar, annihilation, shih, annihilated, ihre, ih, jihad, nih, chih"
425,tg,55522877,1.969131766647826e-05,same_finger_different_key,L,index,f,1.25,L,index,f,1.0,2.25,1.25,1.0308,True,1.0,same_finger,False,False,"mortgage, montgomery, stuttgart, mortgages, wittgenstein, outgoing, mortgagee, rutgers, shotgun, outgrowth, tg, postgraduate"
426,xv,55076715,1.9533085273860866e-05,same_hand_different_fingers,L,ring,s,1.118,L,index,f,1.118,2.2361,1.118,,False,0.0,inward,True,False,"xv, xvi, xvii, xviii, xxv, xxvi, xxvii, xxviii, xxxv, xxxvi, xxxvii, knoxville"
427,uz,53873803,1.9106469730923158e-05,alternate_hands,R,index,j,1.0308,L,pinky,a,1.118,2.1488,1.118,,True,2.0,cross_hand,True,True,"puzzled, puzzle, cruz, fuzzy, puzzling, gauze, suzanne, muzzle, buzz, puzzles, suzuki, buzzing"
428,bc,53278096,1.8895200855696378e-05,same_hand_different_fingers,L,index,f,1.8028,L,middle,d,1.118,2.9208,1.8028,,False,0.0,outward,False,False,"bc, abc, bbc, subcommittee, subcutaneous, subconscious, nbc, subculture, bce, subclass, subcontinent, babcock"
429,xf,52374239,1.8574645865145906e-05,same_hand_different_fingers,L,ring,s,1.118,L,index,f,0.0,1.118,1.118,,True,1.0,inward,True,False,"oxford, oxfordshire, wexford, oxfam, exfoliation, xf, sixfold, maxfield, rexford, exfoliative, exfoliated"
430,yz,51097953,1.8122008062186258e-05,alternate_hands,R,index,j,1.6008,L,pinky,a,1.118,2.7188,1.6008,,True,2.0,cross_hand,True,True,"analyzed, analyze, analyzing, byzantine, paralyzed, analyzes, analyzer, byzantium, catalyzed, xyz, hydrolyzed, paralyzing"
431,km,50449220,1.789193339253743e-05,same_hand_different_fingers,R,middle,k,0.0,R,index,j,1.118,1.118,1.118,,True,1.0,inward,False,False,"km, workmen, workman, workmanship, embankment, blackmail, kmt, embankments, kms, hickman, parkman, beckman"
432,dp,48855638,1.7326765824048826e-05,alternate_hands,L,middle,d,0.0,R,pinky,;,1.0308,1.0308,1.0308,,True,1.0,cross_hand,True,True,"standpoint, gdp, grandparents, dp, grandpa, midpoint, adp, endpoint, undp, udp, woodpecker, wordperfect"
433,lh,45643026,1.6187405494591476e-05,same_hand_different_fingers,R,ring,l,0.0,R,index,j,1.0,1.0,1.0,,False,0.0,inward,True,False,"delhi, wilhelm, calhoun, lh, silhouette, schoolhouse, philharmonic, pelham, lhasa, dalhousie, girlhood, teilhard"
434,wf,45330551,1.6076585507942857e-05,same_hand_different_fingers,L,ring,s,1.0308,L,index,f,0.0,1.0308,1.0308,,True,1.0,inward,True,False,"awful, lawful, unlawful, crawford, newfoundland, lawfully, awfully, sorrowful, unlawfully, newfound, wf, snowfall"
435,kf,44759608,1.5874099243002875e-05,alternate_hands,R,middle,k,0.0,L,index,f,0.0,0.0,0.0,,False,0.0,cross_hand,False,False,"breakfast, frankfurt, workforce, thankful, frankfort, frankfurter, workflow, thankfully, thankfulness, breakfasts, brookfield, breakfasted"
436,pf,41022263,1.4548641132749975e-05,alternate_hands,R,pinky,;,1.0308,L,index,f,0.0,1.0308,1.0308,,True,1.0,cross_hand,True,True,"helpful, knopf, pf, stepfather, pfeiffer, campfire, helpfulness, worshipful, kampf, pfc, unhelpful, pfeffer"
437,cf,39704311,1.4081226385830964e-05,same_hand_different_fingers,L,middle,d,1.118,L,index,f,0.0,1.118,1.118,,True,1.0,inward,False,False,"cf, cfr, mcfarland, cfa, macfarlane, cfc, mcfarlane, cfs, mcfadden, ccf, cfcs, pcf"
438,mt,38538709,1.3667842921305478e-05,alternate_hands,R,index,j,1.118,L,index,f,1.25,2.368,1.25,,True,2.0,cross_hand,False,False,"warmth, mt, comte, dreamt, sumter, mts, amt, kmt, mtv, comtesse, smtp, binghamton"
439,yu,37436235,1.3276847949034266e-05,same_finger_different_key,R,index,j,1.6008,R,index,j,1.0308,2.6316,1.6008,1.0,False,0.0,same_finger,False,False,"yugoslavia, yuan, yu, yugoslav, yucatan, yukon, yunnan, yusuf, yung, yun, yuri, kikuyu"
440,cp,37067423,1.3146047914100753e-05,alternate_hands,L,middle,d,1.118,R,pinky,;,1.0308,2.1488,1.118,,True,2.0,cross_hand,True,True,"cp, cpu, tcp, ccp, naacp, cpi, cps, macpherson, mcpherson, cpa, cpr, icp"
441,pb,36901495,1.3087201162377793e-05,alternate_hands,R,pinky,;,1.0308,L,index,f,1.8028,2.8336,1.8028,,True,2.0,cross_hand,True,True,"campbell, pb, shipbuilding, cupboard, upbringing, pbs, hepburn, clipboard, raspberry, cupboards, scrapbook, raspberries"
442,td,36539510,1.2958822338897517e-05,same_hand_different_fingers,L,index,f,1.25,L,middle,d,0.0,1.25,1.25,,True,1.0,outward,False,False,"ltd, outdoor, litde, outdoors, td, std, outdated, shutdown, contd, outdone, outdo, stds"
443,zl,35456851,1.2574854802534591e-05,alternate_hands,L,pinky,a,1.118,R,ring,l,0.0,1.118,1.118,,True,1.0,cross_hand,True,True,"puzzled, puzzle, dazzling, nozzle, puzzling, muzzle, puzzles, dazzled, hazlitt, grizzly, nozzles, drizzle"
444,sv,35005005,1.2414606566076536e-05,same_hand_different_fingers,L,ring,s,0.0,L,index,f,1.118,1.118,1.118,,True,1.0,inward,True,False,"transverse, louisville, transvaal, svo, sv, transversely, charlottesville, grosvenor, gainesville, hsv, rsv, brownsville"
445,hc,34631551,1.228216023502966e-05,alternate_hands,R,index,j,1.0,L,middle,d,1.118,2.118,1.118,,True,1.0,cross_hand,False,False,"forthcoming, witchcraft, khrushchev, healthcare, hitchcock, hc, hcl, mhc, thc, nineteenthcentury, dhcp, hcg"
446,mg,34537023,1.2248635659630283e-05,alternate_hands,R,index,j,1.118,L,index,f,1.0,2.118,1.118,,True,1.0,cross_hand,False,False,"mg, mgm, emg, mgr, mgo, mga, hmg, baumgartner, baumgarten, mgh, mgmt, omg"
447,pw,34037460,1.2071464477967291e-05,alternate_hands,R,pinky,;,1.0308,L,ring,s,1.0308,2.0616,1.0308,,False,0.0,cross_hand,True,True,"upward, upwards, shipwreck, stepwise, pw, shipwrecked, upwelling, upwardly, shipwrecks, sapwood, upwind, pulpwood"
448,gf,33962536,1.2044892506834687e-05,same_finger_different_key,L,index,f,1.0,L,index,f,0.0,1.0,1.0,1.0,False,0.0,same_finger,False,False,"meaningful, springfield, wrongful, longfellow, siegfried, meaningfully, wrongfully, gf, igf, wallingford, tgf, langford"
449,pd,33798376,1.1986672780430216e-05,alternate_hands,R,pinky,;,1.0308,L,middle,d,0.0,1.0308,1.0308,,True,1.0,cross_hand,True,True,"update, updated, pd, updates, updating, pdf, spd, hampden, pda, copd, pds, pdp"
450,pn,33536129,1.1893666270985813e-05,same_hand_different_fingers,R,pinky,;,1.0308,R,index,j,1.118,2.1488,1.118,,True,2.0,inward,True,True,"pneumonia, hypnosis, hypnotic, pn, pneumatic, sharpness, dyspnea, apnea, pneumothorax, dampness, cheapness, shrapnel"
451,pc,33156666,1.17590888340912e-05,alternate_hands,R,pinky,;,1.0308,L,middle,d,1.118,2.1488,1.118,,True,2.0,cross_hand,True,True,"pc, pcr, pcs, upcoming, pci, popcorn, pca, pcb, pcp, npc, apc, cpc"
452,rx,32990613,1.1700197750827059e-05,same_hand_different_fingers,L,index,f,1.0308,L,ring,s,1.118,2.1488,1.118,,True,2.0,outward,True,False,"marx, marxist, marxism, marxists, marxian, xerxes, rx, artaxerxes"
453,tv,32805751,1.1634636011898067e-05,same_finger_different_key,L,index,f,1.25,L,index,f,1.118,2.368,1.25,2.0156,True,2.0,same_finger,False,False,"tv, latvia, westview, bodhisattva, tva, latvian, mtv, bodhisattvas, tvs, tversky, litvinov, itv"
454,ij,31324465,1.1109294481398722e-05,same_hand_different_fingers,R,middle,k,1.0308,R,index,j,0.0,1.0308,1.0308,,True,1.0,inward,False,False,"beijing, elijah, marijuana, fiji, meiji, gandhiji, ij, azerbaijan, dijon, nijhoff, fijian, harijan"
455,wm,30732232,1.0899257668364493e-05,alternate_hands,L,ring,s,1.0308,R,index,j,1.118,2.1488,1.118,,True,2.0,cross_hand,True,False,"newman, wm, endowment, endowments, bowman, sawmill, lawmakers, rowman, plowman, newmarket, sawmills, lawmaking"
456,uh,30097154,1.067402577627447e-05,same_finger_different_key,R,index,j,1.0308,R,index,j,1.0,2.0308,1.0308,1.25,True,1.0,same_finger,False,False,"muhammad, uh, huh, kuhn, niebuhr, ruhr, mcluhan, farquhar, karlsruhe, bauhaus, muhammadan, fuhrer"
457,wk,30095733,1.0673521815314304e-05,alternate_hands,L,ring,s,1.0308,R,middle,k,0.0,1.0308,1.0308,,True,1.0,cross_hand,True,False,"awkward, hawk, hawkins, hawks, awkwardly, mohawk, awkwardness, wk, hawking, hawke, hawkes, tomahawk"
458,wb,29929113,1.0614429644179357e-05,same_hand_different_fingers,L,ring,s,1.0308,L,index,f,1.8028,2.8336,1.8028,,True,2.0,inward,True,False,"newborn, cowboy, drawback, drawbacks, strawberry, strawberries, cowboys, wb, newbury, newborns, newberry, mowbray"
459,bh,29797934,1.056790670625287e-05,alternate_hands,L,index,f,1.8028,R,index,j,1.0,2.8028,1.8028,,True,1.0,cross_hand,False,False,"sabha, abhorrence, gmbh, bhakti, mahabharata, abhorred, bhutan, bh, abhor, clubhouse, bhutto, bharat"
460,oq,29227658,1.0365656994416639e-05,alternate_hands,R,ring,l,1.0308,L,pinky,a,1.0308,2.0616,1.0308,,False,0.0,cross_hand,True,True,"eloquence, eloquent, baroque, iroquois, colloquial, eloquently, soliloquy, colloquium, quoque, colloquy, croquet, obloquy"
461,kt,29132180,1.0331795499304272e-05,alternate_hands,R,middle,k,0.0,L,index,f,1.25,1.25,1.25,,True,1.0,cross_hand,False,False,"desktop, breakthrough, cocktail, stockton, phytoplankton, plankton, kt, yorktown, bhakti, zooplankton, breakthroughs, cocktails"
462,rq,28152573,9.984375594797058e-06,same_hand_different_fingers,L,index,f,1.0308,L,pinky,a,1.0308,2.0616,1.0308,,False,0.0,outward,True,True,"marquis, torque, albuquerque, turquoise, marquess, marquette, marques, marquise, porque, farquhar, marquez, perquisites"
463,kb,25406204,9.010369431385025e-06,alternate_hands,R,middle,k,0.0,L,index,f,1.8028,1.8028,1.8028,,True,1.0,cross_hand,False,False,"backbone, kb, akbar, workbook, blackboard, blackburn, cockburn, blackbird, cookbook, blackberry, cheekbones, chalkboard"
464,cg,24975673,8.85768060932945e-06,same_hand_different_fingers,L,middle,d,1.118,L,index,f,1.0,2.118,1.118,,True,1.0,inward,False,False,"mcgraw, ecg, mcgill, cg, mcguire, mcgee, macgregor, mcgregor, mcgovern, mcgrath, hcg, cgi"
465,vr,24701238,8.760351597293566e-06,same_finger_different_key,L,index,f,1.118,L,index,f,1.0308,2.1488,1.118,2.136,True,2.0,same_finger,False,False,"louvre, livres, manoeuvre, vr, manoeuvres, livre, oeuvre, oeuvres, havre, chevrolet, vries, lefebvre"
466,cn,24249641,8.600191669265546e-06,alternate_hands,L,middle,d,1.118,R,index,j,1.118,2.2361,1.118,,False,0.0,cross_hand,False,False,"picnic, cns, cn, mcnamara, acne, cnn, mcnally, picnics, mcneill, mcneil, gastrocnemius, mcnair"
467,pk,23099462,8.192278007617351e-06,same_hand_different_fingers,R,pinky,;,1.0308,R,middle,k,0.0,1.0308,1.0308,,True,1.0,inward,True,True,"hopkins, napkin, pumpkin, pk, shopkeepers, upkeep, shopkeeper, tompkins, napkins, pumpkins, hopkinson, pki"
468,uu,22006895,7.804796575974118e-06,same_key,R,index,j,1.0308,R,index,j,1.0308,2.0616,1.0308,,False,0.0,same_finger,False,False,"vacuum, continuum, residuum, suum, weltanschauung, uu, equus, tuum, quum, instituut, suu, uucp"
469,yf,21246637,7.5351693052820495e-06,alternate_hands,R,index,j,1.6008,L,index,f,0.0,1.6008,1.6008,,True,1.0,cross_hand,False,False,"joyful, boyfriend, playful, joyfully, dreyfus, twentyfive, playfully, twentyfour, mayflower, crayfish, playfulness, mayfield"
470,wp,20982546,7.441508816942119e-06,alternate_hands,L,ring,s,1.0308,R,pinky,;,1.0308,2.0616,1.0308,,False,0.0,cross_hand,True,True,"viewpoint, newport, viewpoints, cowper, wp, wpa, viewport, blowpipe, cowpea, twp, viewports, cowperwood"
471,cz,20601701,7.30644125052819e-06,same_hand_different_fingers,L,middle,d,1.118,L,pinky,a,1.118,2.2361,1.118,,False,0.0,outward,True,True,"czech, czechoslovakia, czar, czechoslovak, eczema, czechs, gollancz, czarist, cz, ferenczi, czecho, mickiewicz"
472,kp,20492678,7.267775989613261e-06,same_hand_different_fingers,R,middle,k,0.0,R,pinky,;,1.0308,1.0308,1.0308,,True,1.0,outward,True,True,"workplace, cockpit, kirkpatrick, workplaces, kpa, backpack, workpiece, checkpoint, kp, stockpile, checkpoints, breakpoint"
473,dq,19927900,7.067476156284412e-06,same_hand_different_fingers,L,middle,d,0.0,L,pinky,a,1.0308,1.0308,1.0308,,True,1.0,outward,True,True,"headquarters, headquartered, dq, lindquist, hindquarters, headquarter, sundquist, lundquist"
474,wu,19601657,6.951773316363763e-06,alternate_hands,L,ring,s,1.0308,R,index,j,1.0308,2.0616,1.0308,,False,0.0,cross_hand,True,False,"swung, wu, wurde, beowulf, wurden, wundt, followup, wuz, wuhan, wurzburg, wulf, wuthering"
475,fm,19340776,6.8592512620014045e-06,alternate_hands,L,index,f,0.0,R,index,j,1.118,1.118,1.118,,True,1.0,cross_hand,False,False,"hoffman, fm, kaufman, hoffmann, kaufmann, goffman, hofmann, fms, afm, kauffman, huffman, dorfman"
476,wc,19008254,6.741321560104064e-06,same_hand_different_fingers,L,ring,s,1.0308,L,middle,d,1.118,2.1488,1.118,,True,2.0,inward,True,False,"newcastle, newcomers, wc, newcomer, fawcett, flowchart, newcomb, showcase, wch, ywca, newco, wcc"
477,md,18929019,6.713220682779148e-06,alternate_hands,R,index,j,1.118,L,middle,d,0.0,1.118,1.118,,True,1.0,cross_hand,False,False,"md, camden, amd, cmd, nmda, mds, humdrum, bmd, majumdar, mda, wmd, emden"
478,kd,18894758,6.701069939319453e-06,alternate_hands,R,middle,k,0.0,L,middle,d,0.0,0.0,0.0,,False,0.0,cross_hand,False,False,"breakdown, backdrop, kd, breakdowns, kda, weekdays, weekday, workday, mukden, crackdown, stockdale, backdoor"
479,zh,18782710,6.661331855107903e-06,alternate_hands,L,pinky,a,1.118,R,index,j,1.0,2.118,1.118,,True,1.0,cross_hand,True,True,"alzheimer, zhang, zhou, brezhnev, zhu, zhao, zheng, zhongguo, solzhenitsyn, guangzhou, fitzhugh, zhi"
480,gw,18260884,6.476265048634101e-06,same_hand_different_fingers,L,index,f,1.0,L,ring,s,1.0308,2.0308,1.0308,,True,1.0,outward,True,False,"hemingway, sedgwick, gwen, collingwood, gw, wedgwood, gangway, ridgway, sidgwick, wigwam, dogwood, gwalior"
481,rz,17993128,6.381304759506693e-06,same_hand_different_fingers,L,index,f,1.0308,L,pinky,a,1.118,2.1488,1.118,,True,2.0,outward,True,True,"curzon, schwarz, mirza, herzog, herzegovina, sforza, herzl, tarzan, herzen, schurz, herz, scherzo"
482,cb,17751935,6.295765100206781e-06,same_hand_different_fingers,L,middle,d,1.118,L,index,f,1.8028,2.9208,1.8028,,False,0.0,inward,False,False,"macbeth, cb, cbs, mcbride, cbc, pcb, pcbs, cbd, cbt, cbi, cba, ecb"
483,iw,17611969,6.246125832261312e-06,alternate_hands,R,middle,k,1.0308,L,ring,s,1.0308,2.0616,1.0308,,False,0.0,cross_hand,True,False,"taiwan, taiwanese, handiwork, antiwar, diwan, fujiwara, iww, iw, iwo, halliwell, meriwether, biweekly"
484,xl,16728256,5.932714958235521e-06,alternate_hands,L,ring,s,1.118,R,ring,l,0.0,1.118,1.118,,True,1.0,cross_hand,True,False,"huxley, xl, axle, xli, xlii, xliii, xliv, xlv, axles, xlix, xlvi, xlviii"
485,hp,16696129,5.921321042846898e-06,same_hand_different_fingers,R,index,j,1.0,R,pinky,;,1.0308,2.0308,1.0308,,True,1.0,outward,True,True,"hp, birthplace, throughput, mouthpiece, hplc, php, toothpaste, hpv, toothpick, hpa, jodhpur, thp"
486,mw,16465357,5.839477215472309e-06,alternate_hands,R,index,j,1.118,L,ring,s,1.0308,2.1488,1.118,,True,2.0,cross_hand,True,False,"cromwell, mw, teamwork, bmw, tramway, dreamweaver, tramways, wormwood, farmworkers, stormwater, bramwell, firmware"
487,vs,16263248,5.767798787817088e-06,same_hand_different_fingers,L,index,f,1.118,L,ring,s,0.0,1.118,1.118,,True,1.0,outward,True,False,"vs, slavs, dostoevsky, tchaikovsky, cvs, dostoyevsky, tvs, yugoslavs, revs, stanislavsky, mayakovsky, litovsk"
488,fc,16254390,5.764657277482714e-06,same_hand_different_fingers,L,index,f,0.0,L,middle,d,1.118,1.118,1.118,,True,1.0,outward,False,False,"fc, fcc, briefcase, rfc, fcap, cfc, fcp, pfc, ifc, cfcs, sfc, afc"
489,rj,15598009,5.531870226818162e-06,alternate_hands,L,index,f,1.0308,R,index,j,0.0,1.0308,1.0308,,True,1.0,cross_hand,False,False,"rj, marjorie, perjury, arjuna, overjoyed, serjeant, interjected, mukherjee, chatterjee, banerjee, darjeeling, nagarjuna"
490,bp,15427250,5.471310149691573e-06,alternate_hands,L,index,f,1.8028,R,pinky,;,1.0308,2.8336,1.8028,,True,2.0,cross_hand,True,True,"bp, subpoena, subparagraph, subpart, mbps, kbps, bps, subprogram, subpopulations, bpd, subpoenas, bpm"
491,mh,15033898,5.331806946593063e-06,same_finger_different_key,R,index,j,1.118,R,index,j,1.0,2.118,1.118,1.8028,True,1.0,same_finger,False,False,"mhz, amherst, farmhouse, mh, mhc, helmholtz, mmhg, farmhouses, mhs, mhd, nimh, narasimha"
492,hh,14730425,5.224179540214263e-06,same_key,R,index,j,1.0,R,index,j,1.0,2.0,1.0,,False,0.0,same_finger,False,False,"withheld, withholding, withhold, hh, kirchhoff, withholds, beachhead, hhs, bathhouse, shh, dhhs, ahh"
493,yh,14682887,5.2073200777763014e-06,same_finger_different_key,R,index,j,1.6008,R,index,j,1.0,2.6008,1.6008,1.0308,True,1.0,same_finger,False,False,"anyhow, boyhood, playhouse, greyhound, mayhew, yhwh, keyhole, mayhem, policyholders, policyholder, mayhap, polyhedral"
494,uj,14548024,5.159490600668077e-06,same_finger_different_key,R,index,j,1.0308,R,index,j,0.0,1.0308,1.0308,1.0308,True,1.0,same_finger,False,False,"gujarat, toujours, trujillo, gujarati, fuji, sujet, uj, hallelujah, mujer, puja, fujiwara, ramanuja"
495,fg,14424524,5.115691037979528e-06,same_finger_different_key,L,index,f,0.0,L,index,f,1.0,1.0,1.0,1.0,False,0.0,same_finger,False,False,"afghanistan, afghan, wolfgang, afghans, fg, selfgovernment, mfg, fgf, aufgabe, afghani, dfg, aufgaben"
496,fd,13966832,4.953369504003438e-06,same_hand_different_fingers,L,index,f,0.0,L,middle,d,0.0,0.0,0.0,,False,0.0,outward,False,False,"fda, fdi, fdr, fd, serfdom, afdc, affd, fdic, selfdetermination, fdp, chiefdoms, fddi"
497,gb,13944852,4.945574245801865e-06,same_finger_different_key,L,index,f,1.0,L,index,f,1.8028,2.8028,1.8028,1.118,True,1.0,same_finger,False,False,"rugby, gb, bolingbroke, kgb, digby, igbo, rgb, springboard, egbert, rigby, hummingbird, hummingbirds"
498,pg,13354952,4.736364836652272e-06,alternate_hands,R,pinky,;,1.0308,L,index,f,1.0,2.0308,1.0308,,True,1.0,cross_hand,True,True,"pg, upgrade, upgrading, upgraded, campground, upgrades, pga, campgrounds, lpg, pgs, mpg, cpg"
499,tk,13081991,4.639558582150014e-06,alternate_hands,L,index,f,1.25,R,middle,k,0.0,1.25,1.25,,True,1.0,cross_hand,False,False,"atkinson, watkins, atkins, tk, aitken, moltke, tke, sitka, schottky, kamchatka, kropotkin, nootka"
500,kk,12782664,4.533401564329163e-06,same_key,R,middle,k,0.0,R,middle,k,0.0,0.0,0.0,,False,0.0,same_finger,False,False,"bookkeeping, dekker, bookkeeper, nikki, hokkaido, sikkim, kk, bakker, trekking, akkadian, habakkuk, bakke"
501,hq,11925353,4.229354221105825e-06,alternate_hands,R,index,j,1.0,L,pinky,a,1.0308,2.0308,1.0308,,True,1.0,cross_hand,True,True,"earthquake, earthquakes, hq, ghq, highquality"
502,fn,11823066,4.193077898282152e-06,alternate_hands,L,index,f,0.0,R,index,j,1.118,1.118,1.118,,True,1.0,cross_hand,False,False,"stiffness, fn, deafness, ifn, aloofness, mfn, jaffna, hafner, hefner, schaffner, gaffney, hafnium"
503,lz,11767790,4.173474136118815e-06,alternate_hands,R,ring,l,0.0,L,pinky,a,1.118,1.118,1.118,,True,1.0,cross_hand,True,True,"alzheimer, balzac, salzburg, schulz, schulze, solzhenitsyn, selznick, walzer, scholz, lz, beelzebub, sulzer"
504,vl,11621019,4.1214214590713575e-06,alternate_hands,L,index,f,1.118,R,ring,l,0.0,1.118,1.118,,True,1.0,cross_hand,True,False,"vladimir, vl, pavlov, devlin, vlsi, vladivostok, servlet, vldl, vlan, vll, pavlovian, pavlova"
505,gp,11612944,4.118557641510953e-06,alternate_hands,L,index,f,1.0,R,pinky,;,1.0308,2.0308,1.0308,,True,1.0,cross_hand,True,True,"gp, gps, gpa, gpo, nagpur, eggplant, magpie, gpm, bgp, magpies, flagpole, bagpipes"
506,hz,10729982,3.8054131113845875e-06,alternate_hands,R,index,j,1.0,L,pinky,a,1.118,2.118,1.118,,True,1.0,cross_hand,True,True,"hz, mhz, khz, ghz, thz, gleichzeitig"
507,dk,9494027,3.367078791524467e-06,alternate_hands,L,middle,d,0.0,R,middle,k,0.0,0.0,0.0,,False,0.0,cross_hand,False,False,"handkerchief, vodka, handkerchiefs, dk, ambedkar, recordkeeping, adkins, bodkin, godkin, sdk, jdk, yadkin"
508,yk,9292584,3.295636562320667e-06,same_hand_different_fingers,R,index,j,1.6008,R,middle,k,0.0,1.6008,1.6008,,True,1.0,outward,False,False,"dyke, sykes, dykes, shaykh, masaryk, maryknoll, reykjavik, stryker, gromyko, bradykinin, hyksos, vandyke"
509,qi,8954617,3.1757757784894065e-06,alternate_hands,L,pinky,a,1.0308,R,middle,k,1.0308,2.0616,1.0308,,False,0.0,cross_hand,True,True,"iraqi, qi, qing, iraqis, qin, qian, chongqing, qinghai, qiu, qiao, qigong, qid"
510,lx,8612462,3.0544297107023596e-06,alternate_hands,R,ring,l,0.0,L,ring,s,1.118,1.118,1.118,,True,1.0,cross_hand,True,False,"lx, lxx, lxi, lxiii, lxii, lxvi, lxv, lxiv, lxviii, lxvii, lxix, lxxi"
511,vd,8430332,2.9898368819374584e-06,same_hand_different_fingers,L,index,f,1.118,L,middle,d,0.0,1.118,1.118,,True,1.0,outward,False,False,"dvd, blvd, pravda, vd, cvd, revd, nkvd, dvds, mvd, svd, vdt, vdc"
512,zs,8395904,2.977626911538743e-06,same_hand_different_fingers,L,pinky,a,1.118,L,ring,s,0.0,1.118,1.118,,True,1.0,inward,True,True,"nietzsche, nietzschean, zs, kyrgyzstan, weizsacker, fitzsimmons, schwarzschild, ozs, delitzsch, balazs, jozsef, fitzsimons"
513,bw,8319869,2.950660921668105e-06,same_hand_different_fingers,L,index,f,1.8028,L,ring,s,1.0308,2.8336,1.8028,,True,2.0,outward,True,False,"zimbabwe, subway, bw, cobwebs, subways, ojibwa, cobweb, abwehr, zimbabwean, ojibway, bwana, obwohl"
514,xq,8225536,2.9172055034729726e-06,same_hand_different_fingers,L,ring,s,1.118,L,pinky,a,1.0308,2.1488,1.118,,True,2.0,outward,True,True,"exquisite, exquisitely, xq"
515,mv,8172535,2.898408575359161e-06,alternate_hands,R,index,j,1.118,L,index,f,1.118,2.2361,1.118,,False,0.0,cross_hand,False,False,"mv, circumvent, cmv, triumvirate, circumvented, circumventing, mvp, circumvention, tmv, mva, mvs, quamvis"
516,uw,7824504,2.7749785704841955e-06,alternate_hands,R,index,j,1.0308,L,ring,s,1.0308,2.0616,1.0308,,False,0.0,cross_hand,True,False,"kuwait, kluwer, kuwaiti, uw, brouwer, leeuwenhoek, leeuwen, uwe, leeuw, nieuwe, pauw, eeuw"
517,hg,7789748,2.762652274121417e-06,alternate_hands,R,index,j,1.0,L,index,f,1.0,2.0,1.0,,False,0.0,cross_hand,False,False,"hg, thoroughgoing, mmhg, linlithgow, highgate, ashgate, kashgar, southgate, hgh, churchgoers, ghg, shg"
518,fb,7730842,2.741761124002132e-06,same_finger_different_key,L,index,f,0.0,L,index,f,1.8028,1.8028,1.8028,1.8028,True,1.0,same_finger,False,False,"fbi, fb, fbis, afb, aufbau, offbeat, fbs, halfback, fbr, surfboard"
519,sj,7621847,2.703105793352429e-06,alternate_hands,L,ring,s,0.0,R,index,j,0.0,0.0,0.0,,False,0.0,cross_hand,True,False,"sj, disjunction, disjointed, disjunctive, disjoint, misjudged, masjid, transjordan, sjogren, disjunct, disjunctions, misjudge"
520,ww,7377619,2.6164897642326007e-06,same_key,L,ring,s,1.0308,L,ring,s,1.0308,2.0616,1.0308,,False,0.0,same_finger,True,False,"www, ww, wwii, iww, wwf, powwow, wwi"
521,gk,7338894,2.6027558527741875e-06,alternate_hands,L,index,f,1.0,R,middle,k,0.0,1.0,1.0,,False,0.0,cross_hand,False,False,"bangkok, hodgkin, hongkong, gk, chungking, angkor, hodgkinson, minangkabau, lovingkindness, chulalongkorn, hodgkins"
522,uq,7235727,2.5661674359005885e-06,alternate_hands,R,index,j,1.0308,L,pinky,a,1.0308,2.0616,1.0308,,False,0.0,cross_hand,True,True,"albuquerque, bouquet, dubuque, bouquets, duquesne, chautauqua, fouquet, duque, fauquier, auquel, huq, uq"
523,bg,7203255,2.5546511654583004e-06,same_finger_different_key,L,index,f,1.8028,L,index,f,1.0,2.8028,1.8028,1.118,True,1.0,same_finger,False,False,"subgroups, subgroup, bg, subgenus, bgp, subgrade, pbgc, subgraph, cabg, subgoals, subgoal, subglottic"
524,sz,7041052,2.497125493662587e-06,same_hand_different_fingers,L,ring,s,0.0,L,pinky,a,1.118,1.118,1.118,,True,1.0,outward,True,True,"liszt, warszawa, laszlo, sz, grosz, tadeusz, szabo, szechwan, szasz, tisza, szechuan, szilard"
525,jr,6846578,2.4281548365428075e-06,alternate_hands,R,index,j,0.0,L,index,f,1.0308,1.0308,1.0308,,True,1.0,cross_hand,False,False,"jr, ajr, vajra, bajra, vajrayana, hijra, gujrat, jrs, rjr, jra, jrom"
526,ql,6708919,2.3793337515214076e-06,alternate_hands,L,pinky,a,1.0308,R,ring,l,0.0,1.0308,1.0308,,True,1.0,cross_hand,True,True,"sql, mysql, ql, qld, aql"
527,zt,6627349,2.350404761007198e-06,same_hand_different_fingers,L,pinky,a,1.118,L,index,f,1.25,2.368,1.25,,True,2.0,inward,True,True,"aztec, liszt, aztecs, jetzt, letzten, azt, ztschr, zt, aztlan, letzte, pzt, biztalk"
528,hk,6595610,2.3391484507224056e-06,same_hand_different_fingers,R,index,j,1.0,R,middle,k,0.0,1.0,1.0,,False,0.0,outward,False,False,"pushkin, hk, tashkent, hotchkiss, poughkeepsie, ashkenazi, thk, rothko, wirklichkeit, oshkosh, treitschke, roethke"
529,vc,6570845,2.330365485783281e-06,same_hand_different_fingers,L,index,f,1.118,L,middle,d,1.118,2.2361,1.118,,False,0.0,outward,False,False,"vc, pvc, vcr, vch, vcrs, svc, vcc, ivc, vco, avc, cvc, vcs"
530,xm,6569222,2.329789885052564e-06,alternate_hands,L,ring,s,1.118,R,index,j,1.118,2.2361,1.118,,False,0.0,cross_hand,True,False,"xml, xm, waxman, flaxman, xmas, uxmal, exmoor, exmouth, proxmire, laxmi, xxm"
531,gc,6455066,2.289304193730508e-06,same_hand_different_fingers,L,index,f,1.0,L,middle,d,1.118,2.118,1.118,,True,1.0,outward,False,False,"gc, ngc, workingclass, gcc, agc, gcs, ugc, gcm, agcl, pbgc, hangchow, gcse"
532,fw,6451511,2.288043404699271e-06,same_hand_different_fingers,L,index,f,0.0,L,ring,s,1.0308,1.0308,1.0308,,True,1.0,outward,True,False,"halfway, fw, fwhm, briefwechsel, fws, ofwar"
533,pz,6382200,2.263462097091935e-06,alternate_hands,R,pinky,;,1.0308,L,pinky,a,1.118,2.1488,1.118,,True,2.0,cross_hand,True,True,"leipzig, pz, hepzibah, pzt, leipziger"
534,kc,6326022,2.2435384385274225e-06,alternate_hands,R,middle,k,0.0,L,middle,d,1.118,1.118,1.118,,True,1.0,cross_hand,False,False,"kcal, kc, bookcase, backcountry, crankcase, kcl, bookcases, sackcloth, pkc, chukchi, cockcroft, kirkcaldy"
535,hv,6292998,2.2318263999992716e-06,alternate_hands,R,index,j,1.0,L,index,f,1.118,2.118,1.118,,True,1.0,cross_hand,False,False,"nashville, hv, ruthven, hvac, jahveh, madhva, hva, uhv"
536,xw,6292525,2.2316586494474362e-06,same_finger_different_key,L,ring,s,1.118,L,ring,s,1.0308,2.1488,1.118,2.136,True,2.0,same_finger,True,False,"maxwell, boxwood, maxwellian"
537,zw,6279286,2.22696340725769e-06,same_hand_different_fingers,L,pinky,a,1.118,L,ring,s,1.0308,2.1488,1.118,,True,2.0,inward,True,True,"zwischen, zwei, zwingli, rosenzweig, fitzwilliam, bzw, zwar, zweig, zweiten, zweite, zweifel, zweck"
538,fp,6262895,2.2211503009254794e-06,alternate_hands,L,index,f,0.0,R,pinky,;,1.0308,1.0308,1.0308,,True,1.0,cross_hand,True,True,"fp, afp, halfpenny, fps, gfp, rfp, tfp, nfpa, fpc, fpga, cfp, halfpence"
539,iy,6247588,2.2157216377184053e-06,same_hand_different_fingers,R,middle,k,1.0308,R,index,j,1.6008,2.6316,1.6008,,False,0.0,inward,False,False,"iy, riyadh, iyer, kshatriya, oriya, bharatiya, aliyah, kshatriyas, miyazaki, miyamoto, iyengar, chiyoda"
540,pv,6222096,2.206680840535762e-06,alternate_hands,R,pinky,;,1.0308,L,index,f,1.118,2.1488,1.118,,True,2.0,cross_hand,True,True,"pv, pvc, pvt, npv, hpv, pva, pvp, pvs, ppv, pvr, pvd, pvcs"
541,vt,6181932,2.192436584375253e-06,same_finger_different_key,L,index,f,1.118,L,index,f,1.25,2.368,1.25,2.0156,True,2.0,same_finger,False,False,"vt, govt, pvt, dvt, vth, vtr, ivth, svt, vti, xvth, vte"
542,jp,6129447,2.1738226568634436e-06,same_hand_different_fingers,R,index,j,0.0,R,pinky,;,1.0308,1.0308,1.0308,,True,1.0,outward,True,True,"jp, rajput, bjp, jpeg, rajputs, jpn, rajputana, jpl, vajpayee, lajpat, jps, lijphart"
543,cv,5869407,2.081598865110163e-06,same_hand_different_fingers,L,middle,d,1.118,L,index,f,1.118,2.2361,1.118,,False,0.0,inward,False,False,"cv, cvd, cvs, hcv, cvp, cva, mcveigh, cvi, cvc, mcv, pcv, mcvey"
544,zb,5858211,2.077628177629507e-06,same_hand_different_fingers,L,pinky,a,1.118,L,index,f,1.8028,2.9208,1.8028,,False,0.0,inward,True,True,"salzburg, uzbekistan, uzbek, herzberg, ginzburg, wurzburg, wiirzburg, spitzbergen, zbigniew, mintzberg, pietermaritzburg, hezbollah"
545,vp,5510046,1.9541506493423943e-06,alternate_hands,L,index,f,1.118,R,pinky,;,1.0308,2.1488,1.118,,True,2.0,cross_hand,True,True,"vp, vpn, vpon, mvp, cvp, avp, rsvp, pvp, kvp, vps, ivp, svp"
546,zr,5320518,1.8869341026441333e-06,same_hand_different_fingers,L,pinky,a,1.118,L,index,f,1.0308,2.1488,1.118,,True,2.0,inward,True,True,"ezra, fitzroy, zr, hazrat, jezreel, mazrui, mizrahi, azrin"
547,fh,5166165,1.8321924516346958e-06,alternate_hands,L,index,f,0.0,R,index,j,1.0,1.0,1.0,,False,0.0,cross_hand,False,False,"selfhood, fh, fha, fhe, offhand, sulfhydryl, halfhearted, fhould, fhall, selfhelp, fhr, schaffhausen"
548,yv,5115763,1.8143172649251557e-06,alternate_hands,R,index,j,1.6008,L,index,f,1.118,2.7188,1.6008,,True,2.0,cross_hand,False,False,"yvonne, yves, polyvinyl, byval, stuyvesant, yvette, polyvalent, yv, sunnyvale, yvon, shelbyville, hyv"
549,zg,4726653,1.6763184970082236e-06,same_hand_different_fingers,L,pinky,a,1.118,L,index,f,1.0,2.118,1.118,,True,1.0,inward,True,True,"fitzgerald, metzger, fitzgibbon"
550,zm,4713608,1.6716920573703928e-06,alternate_hands,L,pinky,a,1.118,R,index,j,1.118,2.2361,1.118,,False,0.0,cross_hand,True,True,"boltzmann, guzman, weizmann, fitzmaurice, weitzman, izmir, salzman, holtzman, zm, saltzman, holzman, katzman"
551,zv,4618705,1.6380344873474672e-06,same_hand_different_fingers,L,pinky,a,1.118,L,index,f,1.118,2.2361,1.118,,False,0.0,inward,True,True,"rendezvous, mitzvah, zvi, izvestia, izvestiya, izv, zvo, mitzvot, izvestiia, zvezda"
552,qs,4448602,1.5777070621490045e-06,same_hand_different_fingers,L,pinky,a,1.0308,L,ring,s,0.0,1.0308,1.0308,,True,1.0,inward,True,True,"eqs, qs, iqs, aqsa, faqs, qsar"
553,kv,4414960,1.5657758484812462e-06,alternate_hands,R,middle,k,0.0,L,index,f,1.118,1.118,1.118,,True,1.0,cross_hand,False,False,"kv, rockville, sackville, moskva, nkvd, kva, kvp, oakville, yorkville"
554,vn,4317772,1.5313078978855e-06,alternate_hands,L,index,f,1.118,R,index,j,1.118,2.2361,1.118,,False,0.0,cross_hand,False,False,"vn, vnto, arvn, dubrovnik, vnd, ivanovna, petrovna, vnder, xvn, vna, vne, kovno"
555,zn,4300522,1.5251901452022816e-06,alternate_hands,L,pinky,a,1.118,R,index,j,1.118,2.2361,1.118,,False,0.0,cross_hand,True,True,"zn, selznick, kuznets, poznan, zno, zns, ghazni, kuznetsov, zhizn, znaniecki, znse, wozniak"
556,qa,4298294,1.5243999798122404e-06,same_finger_different_key,L,pinky,a,1.0308,L,pinky,a,0.0,1.0308,1.0308,1.0308,True,1.0,same_finger,True,True,"qaeda, qa, qatar, qasim, aqaba, qaddafi, qadi, qadir, qazi, qam, qasr, qantas"
557,yx,4211192,1.4935090526114474e-06,alternate_hands,R,index,j,1.6008,L,ring,s,1.118,2.7188,1.6008,,True,2.0,cross_hand,True,False,"calyx, asphyxia, onyx, coccyx, styx, myxedema, oryx, asphyxiation, myxoma, polymyxin, bombyx, asphyxiated"
558,jn,4150888,1.472122098535575e-06,same_finger_different_key,R,index,j,0.0,R,index,j,1.118,1.118,1.118,1.118,True,1.0,same_finger,False,False,"jn, zijn, jno, jnana, jnr, yajna, yajnavalkya, prajna, rijn, jndi, jnd"
559,bf,4108696,1.4571586074509174e-06,same_finger_different_key,L,index,f,1.8028,L,index,f,0.0,1.8028,1.8028,1.8028,True,1.0,same_finger,False,False,"bf, subfamily, dumbfounded, cbf, subfamilies, subfield, obfuscation, bfi, subfields, rbf, clubfoot, subfloor"
560,mk,3956883,1.4033177733583133e-06,same_hand_different_fingers,R,index,j,1.118,R,middle,k,0.0,1.118,1.118,,True,1.0,outward,False,False,"mk, tomkins, potemkin, samkhya, grimke, lemke, mks, samkara, dmk, simkins, timken, temkin"
561,cw,3909223,1.3864150433361575e-06,same_hand_different_fingers,L,middle,d,1.118,L,ring,s,1.0308,2.1488,1.118,,True,2.0,outward,True,False,"cw, cwt, mcwilliams, cwa, cwts, cwm, cws, cwc, mcwhorter"
562,jm,3659540,1.2978643857591143e-06,same_finger_different_key,R,index,j,0.0,R,index,j,1.118,1.118,1.118,1.118,True,1.0,same_finger,False,False,"jm, nijmegen, ajmer, sejm, jms, jmp"
563,lq,3582930,1.2706944707990358e-06,alternate_hands,R,ring,l,0.0,L,pinky,a,1.0308,1.0308,1.0308,,True,1.0,cross_hand,True,True,"quelques, quelque, colquhoun, lq, cualquier, pulque, guadalquivir, holquist, quelquefois, colquitt, hillquit"
564,jh,3541869,1.2561320914989996e-06,same_finger_different_key,R,index,j,0.0,R,index,j,1.0,1.0,1.0,1.0,False,0.0,same_finger,False,False,"jh, nijhoff, jhe, jha, jhansi, jhelum, jharkhand, jhall, jhs"
565,kj,3471162,1.2310556892397347e-06,same_hand_different_fingers,R,middle,k,0.0,R,index,j,0.0,0.0,0.0,,False,0.0,inward,False,False,"kj, blackjack, kjv, reykjavik, hammarskjold, kjeldahl, nkjv, inkjet, lockjaw"
566,jc,3447571,1.2226890861353984e-06,alternate_hands,R,index,j,0.0,L,middle,d,1.118,1.118,1.118,,True,1.0,cross_hand,False,False,"jc, jcs, jcp, jcaho, ajc, jcl, mikolajczyk, wojciech, jcc"
567,gz,3431194,1.2168809449358004e-06,same_hand_different_fingers,L,index,f,1.0,L,pinky,a,1.118,2.118,1.118,,True,1.0,outward,True,True,"zigzag, aurangzeb, guangzhou, zigzags, hangzhou, zigzagging, zigzagged, yangzi, aurangzib, zhuangzi, gz"
568,js,3329038,1.1806510815672873e-06,alternate_hands,R,index,j,0.0,L,ring,s,0.0,0.0,0.0,,False,0.0,cross_hand,True,False,"js, jsp, djs, jsot, jsc, rajshahi"
569,tx,3328898,1.1806014302411626e-06,same_hand_different_fingers,L,index,f,1.25,L,ring,s,1.118,2.368,1.25,,True,2.0,outward,True,False,"tx, txt, mtx"
570,fk,3293208,1.1679438886026663e-06,alternate_hands,L,index,f,0.0,R,middle,k,0.0,0.0,0.0,,False,0.0,cross_hand,False,False,"kafka, jfk, fk, rifkin, lefkowitz, selfknowledge, koffka, aufklarung"
571,jl,3192327,1.1321662069542173e-06,same_hand_different_fingers,R,index,j,0.0,R,ring,l,0.0,0.0,0.0,,False,0.0,outward,True,False,"jl, majlis, stijl"
572,vm,3178223,1.1271641904994861e-06,alternate_hands,L,index,f,1.118,R,index,j,1.118,2.2361,1.118,,False,0.0,cross_hand,False,False,"vm, vms, svm, vmax, avm, xvm, jvm, vmi, cvm, dvm"
573,lj,3169833,1.1241886574553005e-06,same_hand_different_fingers,R,ring,l,0.0,R,index,j,0.0,0.0,0.0,,False,0.0,inward,True,False,"lj, ljubljana, alj, seljuk, valjean, viljoen"
574,tj,3169658,1.1241265932976448e-06,alternate_hands,L,index,f,1.25,R,index,j,0.0,1.25,1.25,,True,1.0,cross_hand,False,False,"tj, mountjoy, tjie, straitjacket, betjeman, tietjens"
575,jj,2979950,1.0568462091800807e-06,same_key,R,index,j,0.0,R,index,j,0.0,0.0,0.0,,False,0.0,same_finger,False,False,"jj, hajj, ujjain, hajji"
576,cj,2962048,1.0504972231780532e-06,alternate_hands,L,middle,d,1.118,R,index,j,0.0,1.118,1.118,,True,1.0,cross_hand,False,False,"cj, ecj, icj, cjd"
577,vg,2960268,1.049865942031611e-06,same_finger_different_key,L,index,f,1.118,L,index,f,1.0,2.118,1.118,1.118,True,1.0,same_finger,False,False,"novgorod, avg, vg, vgl, vga, yevgeny, svg"
578,mj,2923325,1.0367640210242988e-06,same_finger_different_key,R,index,j,1.118,R,index,j,0.0,1.118,1.118,1.118,True,1.0,same_finger,False,False,"mj, tmj, bmj, amj"
579,jt,2917850,1.0348222995204949e-06,alternate_hands,R,index,j,0.0,L,index,f,1.25,1.25,1.25,,True,1.0,cross_hand,False,False,"jt, jth, jthe, jts, bjt, wojtyla, ijtihad, jtpa"
580,pj,2810773,9.968471920386997e-07,same_hand_different_fingers,R,pinky,;,1.0308,R,index,j,0.0,1.0308,1.0308,,True,1.0,inward,True,True,"pj, upjohn, apj, skopje, kopje, skipjack"
581,wg,2751783,9.759262511237404e-07,same_hand_different_fingers,L,ring,s,1.0308,L,index,f,1.0,2.0308,1.0308,,True,1.0,inward,True,False,"newgate, lawgiver, wg, lawgivers, mowgli, awg, cowgill"
582,vh,2691078,9.54397081463754e-07,alternate_hands,L,index,f,1.118,R,index,j,1.0,2.118,1.118,,True,1.0,cross_hand,False,False,"vh, vhf, vhs, vhdl, gvhd, vhich, vhen, vhp, vhi, vhat"
583,bk,2639491,9.361016317438012e-07,alternate_hands,L,index,f,1.8028,R,middle,k,0.0,1.8028,1.8028,,True,1.0,cross_hand,False,False,"bk, liebknecht, bks, rabkin, abkhazia"
584,vv,2622571,9.301009143293054e-07,same_key,L,index,f,1.118,L,index,f,1.118,2.2361,1.118,,False,0.0,same_finger,False,False,"vv, savvy, navvies, revved, navvy"
585,jd,2615147,9.2746797543538e-07,alternate_hands,R,index,j,0.0,L,middle,d,0.0,0.0,0.0,,False,0.0,cross_hand,False,False,"jd, jdbc, tijdschrift, cjd, jdc, jdk, bijdragen"
586,tq,2517400,8.928017741874646e-07,same_hand_different_fingers,L,index,f,1.25,L,pinky,a,1.0308,2.2808,1.25,,False,0.0,outward,True,True,"atque, tqm, tq, postquam"
587,vb,2496014,8.852171794695919e-07,same_finger_different_key,L,index,f,1.118,L,index,f,1.8028,2.9208,1.8028,1.0,False,0.0,same_finger,False,False,"vb, vba, vbscript, uvb, dvb, ivb, vbe"
588,jf,2421784,8.588913370536327e-07,alternate_hands,R,index,j,0.0,L,index,f,0.0,0.0,0.0,,False,0.0,cross_hand,False,False,"jf, jfk, jfet, tajfel"
589,dz,2200704,7.80484800056189e-07,same_hand_different_fingers,L,middle,d,0.0,L,pinky,a,1.118,1.118,1.118,,True,1.0,outward,True,True,"dz, lodz, adze, shevardnadze, adzes, lindzey, podzolic, godzilla, kudzu, karadzic"
590,xb,2164724,7.677244092421487e-07,same_hand_different_fingers,L,ring,s,1.118,L,index,f,1.8028,2.9208,1.8028,,False,0.0,inward,True,False,"roxbury, roxburgh, xb, uxbridge, duxbury, bixby, oxbow, oxbridge, roxburghe"
591,jb,2126115,7.54031637453953e-07,alternate_hands,R,index,j,0.0,L,index,f,1.8028,1.8028,1.8028,,True,1.0,cross_hand,False,False,"jb, ejb, jbl"
592,zc,2100797,7.450525497766359e-07,same_hand_different_fingers,L,pinky,a,1.118,L,middle,d,1.118,2.2361,1.118,,False,0.0,inward,True,True,"cuzco, orozco, vizcaya, nazca, zc, szczecin, tezcatlipoca, yitzchak"
593,fj,2065436,7.325116887545325e-07,alternate_hands,L,index,f,0.0,R,index,j,0.0,0.0,0.0,,False,0.0,cross_hand,False,False,"fj, fjord, fjords"
594,yy,1993017,7.06828121707229e-07,same_key,R,index,j,1.6008,R,index,j,1.6008,3.2016,1.6008,,False,0.0,same_finger,False,False,"sayyid, yy, umayyad, khayyam, hayyim, bhattacharyya, umayyads, xyy"
595,qn,1859810,6.595859488565936e-07,alternate_hands,L,pinky,a,1.0308,R,index,j,1.118,2.1488,1.118,,True,2.0,cross_hand,True,True,"eqn, qn, eqns"
596,xs,1804740,6.400552450731251e-07,same_finger_different_key,L,ring,s,1.118,L,ring,s,0.0,1.118,1.118,1.118,True,1.0,same_finger,True,False,"xs, xslt, flaxseed, xsl, coxsackie, coxswain, paxson"
597,qr,1744325,6.186289245886825e-07,same_hand_different_fingers,L,pinky,a,1.0308,L,index,f,1.0308,2.0616,1.0308,,False,0.0,inward,True,True,"qrs, qr, esqr"
598,jk,1740133,6.171422220235781e-07,same_hand_different_fingers,R,index,j,0.0,R,middle,k,0.0,0.0,0.0,,False,0.0,outward,False,False,"jk, dijk, dijkstra, rijksmuseum, rajkot, koninklijke"
599,jv,1719726,6.099048319362484e-07,alternate_hands,R,index,j,0.0,L,index,f,1.118,1.118,1.118,,True,1.0,cross_hand,False,False,"jv, kjv, nkjv, vojvodina, jvm"
600,qq,1712219,6.072424568989777e-07,same_key,L,pinky,a,1.0308,L,pinky,a,1.0308,2.0616,1.0308,,False,0.0,same_finger,True,True,"sqq, seqq, qq, saqqara"
601,xn,1613611,5.722708999953956e-07,alternate_hands,L,ring,s,1.118,R,index,j,1.118,2.2361,1.118,,False,0.0,cross_hand,True,False,"xn, flexner, exner, laxness, oxnard"
602,vf,1550317,5.498235354544322e-07,same_finger_different_key,L,index,f,1.118,L,index,f,0.0,1.118,1.118,1.118,True,1.0,same_finger,False,False,"vf, ivf, vfr, avf"
603,px,1473468,5.225688585876123e-07,alternate_hands,R,pinky,;,1.0308,L,ring,s,1.118,2.1488,1.118,,True,2.0,cross_hand,True,True,"px, ipx, spx, aspx, appx"
604,zd,1415016,5.018387206259035e-07,same_hand_different_fingers,L,pinky,a,1.118,L,middle,d,0.0,1.118,1.118,,True,1.0,inward,True,True,"mazda, kazdin, izd, zd, samizdat, zvezda, mazdoor"
605,qt,1385505,4.913725757311525e-07,same_hand_different_fingers,L,pinky,a,1.0308,L,index,f,1.25,2.2808,1.25,,False,0.0,inward,True,True,"qt, qtl, qty, qtd, qtip"
606,zp,1361846,4.829818562684127e-07,alternate_hands,L,pinky,a,1.118,R,pinky,;,1.0308,2.1488,1.118,,True,2.0,cross_hand,True,True,"fitzpatrick, zp"
607,qo,1324363,4.696884230031911e-07,alternate_hands,L,pinky,a,1.0308,R,ring,l,1.0308,2.0616,1.0308,,False,0.0,cross_hand,True,True,"qos, qol, qo, qod"
608,dx,1296277,4.597276576779233e-07,same_hand_different_fingers,L,middle,d,0.0,L,ring,s,1.118,1.118,1.118,,True,1.0,outward,True,False,"dx, edx"
609,hj,1282370,4.547955077320962e-07,same_finger_different_key,R,index,j,1.0,R,index,j,0.0,1.0,1.0,1.0,False,0.0,same_finger,False,False,"hj, hjalmar"
610,gv,1192366,4.228753794712046e-07,same_finger_different_key,L,index,f,1.0,L,index,f,1.118,2.118,1.118,1.118,True,1.0,same_finger,False,False,"gv, rigveda, gvhd, rgveda, gvn, longview"
611,jw,1165914,4.1349411605227764e-07,alternate_hands,R,index,j,0.0,L,ring,s,1.0308,1.0308,1.0308,,True,1.0,cross_hand,True,False,jw
612,qc,1127399,3.9983468158305136e-07,same_hand_different_fingers,L,pinky,a,1.0308,L,middle,d,1.118,2.1488,1.118,,True,2.0,inward,True,True,"qc, qcd, qca"
613,jy,1120221,3.9728898716217363e-07,same_finger_different_key,R,index,j,0.0,R,index,j,1.6008,1.6008,1.6008,1.6008,True,1.0,same_finger,False,False,"rajya, jy, benjy, jyoti"
614,gj,1093028,3.8764492636711533e-07,alternate_hands,L,index,f,1.0,R,index,j,0.0,1.0,1.0,,False,0.0,cross_hand,False,False,"gj, jingji, heilongjiang"
615,qb,1083443,3.842455837892227e-07,same_hand_different_fingers,L,pinky,a,1.0308,L,index,f,1.8028,2.8336,1.8028,,True,2.0,inward,True,True,"iqbal, qb"
616,pq,1075049,3.812686321357193e-07,alternate_hands,R,pinky,;,1.0308,L,pinky,a,1.0308,2.0616,1.0308,,False,0.0,cross_hand,True,True,"pq, uspq, umpqua"
617,jg,1034900,3.670296957601522e-07,alternate_hands,R,index,j,0.0,L,index,f,1.0,1.0,1.0,,False,0.0,cross_hand,False,False,jg
618,bz,1007374,3.572675357393831e-07,same_hand_different_fingers,L,index,f,1.8028,L,pinky,a,1.118,2.9208,1.8028,,False,0.0,outward,True,True,"bzw, bz, dobzhansky, subzone"
619,mx,994334,3.526428693631995e-07,alternate_hands,R,index,j,1.118,L,ring,s,1.118,2.2361,1.118,,False,0.0,cross_hand,True,False,mx
620,qm,989868,3.5105899205982257e-07,alternate_hands,L,pinky,a,1.0308,R,index,j,1.118,2.1488,1.118,,True,2.0,cross_hand,True,True,"tqm, qm"
621,mz,970282,3.4411277153498116e-07,alternate_hands,R,index,j,1.118,L,pinky,a,1.118,2.2361,1.118,,False,0.0,cross_hand,True,True,"mz, dmz, hamza, karamzin"
622,qf,947879,3.3616749539804555e-07,same_hand_different_fingers,L,pinky,a,1.0308,L,index,f,0.0,1.0308,1.0308,,True,1.0,inward,True,True,"qf, waqf, qfd"
623,wj,914179,3.2421571189517844e-07,alternate_hands,L,ring,s,1.0308,R,index,j,0.0,1.0308,1.0308,,True,1.0,cross_hand,True,False,wj
624,zq,913036,3.2381034428260345e-07,same_finger_different_key,L,pinky,a,1.118,L,pinky,a,1.0308,2.1488,1.118,2.136,True,2.0,same_finger,True,True,"velazquez, vazquez"
625,xr,907409,3.218147156247212e-07,same_hand_different_fingers,L,ring,s,1.118,L,index,f,1.0308,2.1488,1.118,,True,2.0,inward,True,False,"xrd, xr, xray, rexroth"
626,zk,906537,3.215054587934304e-07,alternate_hands,L,pinky,a,1.118,R,middle,k,0.0,1.118,1.118,,True,1.0,cross_hand,True,True,"blitzkrieg, schwarzkopf, kosciuszko, koussevitzky, zk"
627,cx,876736,3.1093646472313536e-07,same_hand_different_fingers,L,middle,d,1.118,L,ring,s,1.118,2.2361,1.118,,False,0.0,outward,True,False,"cx, cxix, cxi"
628,fx,812116,2.880188311933054e-07,same_hand_different_fingers,L,index,f,0.0,L,ring,s,1.118,1.118,1.118,,True,1.0,outward,True,False,fx
629,fv,807297,2.863097616176284e-07,same_finger_different_key,L,index,f,0.0,L,index,f,1.118,1.118,1.118,1.118,True,1.0,same_finger,False,False,"fv, alfven, fvc"
630,bx,778622,2.761401060703075e-07,same_hand_different_fingers,L,index,f,1.8028,L,ring,s,1.118,2.9208,1.8028,,False,0.0,outward,True,False,"bx, pbx"
631,vw,742188,2.632187030986915e-07,same_hand_different_fingers,L,index,f,1.118,L,ring,s,1.0308,2.1488,1.118,,True,2.0,outward,True,False,"vw, vwf"
632,vj,724370,2.568995078923388e-07,alternate_hands,L,index,f,1.118,R,index,j,0.0,1.118,1.118,,True,1.0,cross_hand,False,False,vj
633,mq,708424,2.512442218467389e-07,alternate_hands,R,index,j,1.118,L,pinky,a,1.0308,2.1488,1.118,,True,2.0,cross_hand,True,True,"mq, almqvist, almquist, namque"
634,qv,635514,2.253865205056695e-07,same_hand_different_fingers,L,pinky,a,1.0308,L,index,f,1.118,2.1488,1.118,,True,2.0,inward,True,True,"qv, almqvist"
635,zf,608389,2.1576657606901463e-07,same_hand_different_fingers,L,pinky,a,1.118,L,index,f,0.0,1.118,1.118,,True,1.0,inward,True,True,"herzfeld, creutzfeldt, zf, laissezfaire"
636,qe,572443,2.0301824343417607e-07,same_hand_different_fingers,L,pinky,a,1.0308,L,middle,d,1.0308,2.0616,1.0308,,False,0.0,inward,True,True,"qe, qed"
637,yj,561334,1.9907841070618347e-07,same_finger_different_key,R,index,j,1.6008,R,index,j,0.0,1.6008,1.6008,1.6008,True,1.0,same_finger,False,False,"pyjamas, yj"
638,gx,557030,1.9755198708017932e-07,same_hand_different_fingers,L,index,f,1.0,L,ring,s,1.118,2.118,1.118,,True,1.0,outward,True,False,"guangxi, jiangxi, gx"
639,kx,555422,1.9698170613440454e-07,alternate_hands,R,middle,k,0.0,L,ring,s,1.118,1.118,1.118,,True,1.0,cross_hand,True,False,"kx, quarkxpress, schillebeeckx"
640,xg,542548,1.9241591204491164e-07,same_hand_different_fingers,L,ring,s,1.118,L,index,f,1.0,2.118,1.118,,True,1.0,inward,True,False,"xg, foxglove"
641,qd,519921,1.8439119378617653e-07,same_hand_different_fingers,L,pinky,a,1.0308,L,middle,d,0.0,1.0308,1.0308,,True,1.0,inward,True,True,"qd, qds"
642,xj,511074,1.8125358462742683e-07,alternate_hands,L,ring,s,1.118,R,index,j,0.0,1.118,1.118,,True,1.0,cross_hand,True,False,xj
643,sx,503772,1.7866391331769582e-07,same_finger_different_key,L,ring,s,0.0,L,ring,s,1.118,1.118,1.118,1.118,True,1.0,same_finger,True,False,sx
644,vz,501189,1.7774784635069566e-07,same_hand_different_fingers,L,index,f,1.118,L,pinky,a,1.118,2.2361,1.118,,False,0.0,outward,True,True,vz
645,vx,449854,1.5954176901776744e-07,same_hand_different_fingers,L,index,f,1.118,L,ring,s,1.118,2.2361,1.118,,False,0.0,outward,True,False,vx
646,wv,389123,1.380033783972149e-07,same_hand_different_fingers,L,ring,s,1.0308,L,index,f,1.118,2.1488,1.118,,True,2.0,inward,True,False,wv
647,yq,384882,1.3649929786796687e-07,alternate_hands,R,index,j,1.6008,L,pinky,a,1.0308,2.6316,1.6008,,False,0.0,cross_hand,True,True,nyquist
648,bq,346506,1.228891600725358e-07,same_hand_different_fingers,L,index,f,1.8028,L,pinky,a,1.0308,2.8336,1.8028,,True,2.0,outward,True,True,"bq, subquery"
649,gq,345624,1.2257635671795039e-07,same_hand_different_fingers,L,index,f,1.0,L,pinky,a,1.0308,2.0308,1.0308,,True,1.0,outward,True,True,"chongqing, gq"
650,vk,337545,1.1971112054822743e-07,alternate_hands,L,index,f,1.118,R,middle,k,0.0,1.118,1.118,,True,1.0,cross_hand,False,False,vk
651,zj,309029,1.0959785472129102e-07,alternate_hands,L,pinky,a,1.118,R,index,j,0.0,1.118,1.118,,True,1.0,cross_hand,True,True,"zj, fitzjames"
652,xk,281255,9.974774092281535e-08,alternate_hands,L,ring,s,1.118,R,middle,k,0.0,1.118,1.118,,True,1.0,cross_hand,True,False,xk
653,qp,272180,9.652927103294833e-08,alternate_hands,L,pinky,a,1.0308,R,pinky,;,1.0308,2.0616,1.0308,,False,0.0,cross_hand,True,True,qp
654,hx,263997,9.362715102096135e-08,alternate_hands,R,index,j,1.0,L,ring,s,1.118,2.118,1.118,,True,1.0,cross_hand,True,False,hx
655,fz,263860,9.357856365182507e-08,same_hand_different_fingers,L,index,f,0.0,L,pinky,a,1.118,1.118,1.118,,True,1.0,outward,True,True,"fz, afzal"
656,qh,263509,9.345408068418392e-08,alternate_hands,L,pinky,a,1.0308,R,index,j,1.0,2.0308,1.0308,,True,1.0,cross_hand,True,True,"fiqh, qh"
657,qj,236928,8.402706711475635e-08,alternate_hands,L,pinky,a,1.0308,R,index,j,0.0,1.0308,1.0308,,True,1.0,cross_hand,True,True,qj
658,jz,220675,7.826290280401158e-08,alternate_hands,R,index,j,0.0,L,pinky,a,1.118,1.118,1.118,,True,1.0,cross_hand,True,True,"ajzen, jz"
659,vq,212856,7.548987623994875e-08,same_hand_different_fingers,L,index,f,1.118,L,pinky,a,1.0308,2.1488,1.118,,True,2.0,outward,True,True,vq
660,kq,187242,6.640581147311086e-08,alternate_hands,R,middle,k,0.0,L,pinky,a,1.0308,1.0308,1.0308,,True,1.0,cross_hand,True,True,kq
661,xd,168263,5.967486491225286e-08,same_hand_different_fingers,L,ring,s,1.118,L,middle,d,0.0,1.118,1.118,,True,1.0,inward,True,False,xd
662,qw,163292,5.791188818249761e-08,same_hand_different_fingers,L,pinky,a,1.0308,L,ring,s,1.0308,2.0616,1.0308,,False,0.0,inward,True,True,qw
663,jx,161750,5.736501429046731e-08,alternate_hands,R,index,j,0.0,L,ring,s,1.118,1.118,1.118,,True,1.0,cross_hand,True,False,jx
664,qx,159505,5.6568819810825274e-08,same_hand_different_fingers,L,pinky,a,1.0308,L,ring,s,1.118,2.1488,1.118,,True,2.0,inward,True,True,qx
665,kz,150760,5.346738518968069e-08,alternate_hands,R,middle,k,0.0,L,pinky,a,1.118,1.118,1.118,,True,1.0,cross_hand,True,True,kz
666,wx,150637,5.342376295315687e-08,same_finger_different_key,L,ring,s,1.0308,L,ring,s,1.118,2.1488,1.118,2.136,True,2.0,same_finger,True,False,wx
667,fq,149430,5.299569759149632e-08,same_hand_different_fingers,L,index,f,0.0,L,pinky,a,1.0308,1.0308,1.0308,,True,1.0,outward,True,True,fq
668,xz,136521,4.841749067047226e-08,same_hand_different_fingers,L,ring,s,1.118,L,pinky,a,1.118,2.2361,1.118,,False,0.0,outward,True,True,xz
669,zx,108224,3.8381893703688e-08,same_hand_different_fingers,L,pinky,a,1.118,L,ring,s,1.118,2.2361,1.118,,False,0.0,inward,True,True,zx
