bigram,bigram_rank,word_rank,word,word_count
th,1,1,the,53097401461
th,1,2,that,8000768228
th,1,3,with,5182797249
th,1,4,this,3826060334
th,1,5,they,2462131290
th,1,6,their,2152980325
th,1,7,there,1623700147
th,1,8,other,1383185827
th,1,9,these,1305787385
th,1,10,them,1199636039
th,1,11,than,1185020453
th,1,12,then,872791735
he,2,1,the,53097401461
he,2,2,he,4110457083
he,2,3,they,2462131290
he,2,4,their,2152980325
he,2,5,her,1633278704
he,2,6,there,1623700147
he,2,7,when,1519738651
he,2,8,she,1392695717
he,2,9,other,1383185827
he,2,10,these,1305787385
he,2,11,them,1199636039
he,2,12,then,872791735
in,3,1,in,16891065263
in,3,2,into,1144226142
in,3,3,being,616194541
in,3,4,during,448173996
in,3,5,against,410444403
in,3,6,since,371590865
in,3,7,within,351785120
in,3,8,point,333858038
in,3,9,again,326183679
in,3,10,information,285127664
in,3,11,following,282890287
in,3,12,think,282298331
er,4,1,were,2270487439
er,4,2,her,1633278704
er,4,3,there,1623700147
er,4,4,other,1383185827
er,4,5,after,802220137
er,4,6,very,746876416
er,4,7,over,715517744
er,4,8,where,671644491
er,4,9,under,585610545
er,4,10,however,519207264
er,4,11,general,450612588
er,4,12,another,444695376
an,5,1,and,22632024504
an,5,2,an,2726250863
an,5,3,can,1665414118
an,5,4,than,1185020453
an,5,5,any,983649138
an,5,6,many,732675942
an,5,7,man,609019192
an,5,8,another,444695376
an,5,9,american,329409247
an,5,10,important,318798581
an,5,11,hand,297264744
an,5,12,human,279027691
re,6,1,are,3700433333
re,6,2,were,2270487439
re,6,3,there,1623700147
re,6,4,more,1547251508
re,6,5,where,671644491
re,6,6,before,605166565
re,6,7,great,557149997
re,6,8,three,487787199
re,6,9,here,432309508
re,6,10,different,381761001
re,6,11,children,336723802
re,6,12,present,313754008
on,7,1,on,4594521081
on,7,2,one,2148983086
on,7,3,only,1135235700
on,7,4,upon,532434413
on,7,5,long,477333877
on,7,6,among,321351351
on,7,7,second,316484908
on,7,8,information,285127664
on,7,9,once,267334111
on,7,10,national,265411421
on,7,11,control,254704442
on,7,12,common,232507127
at,8,1,that,8000768228
at,8,2,at,3413452256
at,8,3,what,1222533828
at,8,4,great,557149997
at,8,5,state,553386027
at,8,6,states,379406076
at,8,7,water,355340324
at,8,8,information,285127664
at,8,9,rather,269938951
at,8,10,later,269420608
at,8,11,national,265411421
at,8,12,nature,258607404
en,9,1,been,1619043628
en,9,2,when,1519738651
en,9,3,then,872791735
en,9,4,between,744064796
en,9,5,even,677507335
en,9,6,men,454094525
en,9,7,general,450612588
en,9,8,government,390643826
en,9,9,different,381761001
en,9,10,given,370958373
en,9,11,children,336723802
en,9,12,often,325385700
nd,10,1,and,22632024504
nd,10,2,under,585610545
nd,10,3,found,436617767
nd,10,4,end,318429766
nd,10,5,second,316484908
nd,10,6,hand,297264744
nd,10,7,find,274292734
nd,10,8,land,230194244
nd,10,9,around,225965973
nd,10,10,mind,220137001
nd,10,11,individual,199046341
nd,10,12,london,192383215
ti,11,1,time,1167810273
ti,11,2,still,408263128
ti,11,3,information,285127664
ti,11,4,political,279042950
ti,11,5,until,266946065
ti,11,6,national,265411421
ti,11,7,times,244274912
ti,11,8,question,222529720
ti,11,9,action,212759202
ti,11,10,education,209865301
ti,11,11,section,202298684
ti,11,12,position,201281266
es,12,1,these,1305787385
es,12,2,does,426675356
es,12,3,states,379406076
es,12,4,less,337388744
es,12,5,present,313754008
es,12,6,process,261231720
es,12,7,times,244274912
es,12,8,best,239519326
es,12,9,business,228894757
es,12,10,question,222529720
es,12,11,interest,221787128
es,12,12,themselves,216975281
or,13,1,for,6545282031
or,13,2,or,3667713965
or,13,3,more,1547251508
or,13,4,work,621797228
or,13,5,before,605166565
or,13,6,world,505870068
or,13,7,order,360669813
or,13,8,form,352032932
or,13,9,important,318798581
or,13,10,york,287117910
or,13,11,information,285127664
or,13,12,history,277771947
te,14,1,after,802220137
te,14,2,state,553386027
te,14,3,system,428655277
te,14,4,states,379406076
te,14,5,water,355340324
te,14,6,often,325385700
te,14,7,united,275947752
te,14,8,later,269420608
te,14,9,chapter,263277218
te,14,10,better,225159108
te,14,11,white,223783182
te,14,12,interest,221787128
of,15,1,of,30966074232
of,15,2,often,325385700
of,15,3,off,302535533
of,15,4,office,166126353
of,15,5,officers,72282982
of,15,6,offered,69064840
of,15,7,offer,68537056
of,15,8,professional,66329317
of,15,9,official,62170843
of,15,10,officer,61393680
of,15,11,professor,58855941
of,15,12,soft,44445491
ed,16,1,used,524065144
ed,16,2,called,329762185
ed,16,3,united,275947752
ed,16,4,need,273479350
ed,16,5,education,209865301
ed,16,6,based,197020666
ed,16,7,knowledge,185412728
ed,16,8,asked,173745399
ed,16,9,required,157770281
ed,16,10,considered,151545059
ed,16,11,indeed,147261279
ed,16,12,received,139080046
is,17,1,is,8384246685
is,17,2,this,3826060334
is,17,3,his,3611377789
is,17,4,history,277771947
is,17,5,english,195298116
is,17,6,analysis,172535798
is,17,7,british,164541425
is,17,8,basis,123422191
is,17,9,established,119035887
is,17,10,disease,111922686
is,17,11,decision,108947093
is,17,12,published,107976995
it,18,1,it,5740085369
it,18,2,with,5182797249
it,18,3,its,1369438835
it,18,4,without,465581954
it,18,5,little,442854872
it,18,6,within,351785120
it,18,7,political,279042950
it,18,8,united,275947752
it,18,9,university,267605414
it,18,10,city,245776687
it,18,11,either,231828021
it,18,12,white,223783182
al,19,1,all,2062779102
al,19,2,also,1038616504
al,19,3,general,450612588
al,19,4,social,362939226
al,19,5,small,350484848
al,19,6,shall,343397728
al,19,7,called,329762185
al,19,8,always,289326176
al,19,9,political,279042950
al,19,10,although,269984217
al,19,11,several,266874027
al,19,12,national,265411421
ar,20,1,are,3700433333
ar,20,2,years,563247544
ar,20,3,part,515815125
ar,20,4,year,377400785
ar,20,5,large,342399659
ar,20,6,war,335494566
ar,20,7,far,288760391
ar,20,8,early,262989441
ar,20,9,around,225965973
ar,20,10,research,210101214
ar,20,11,area,209904357
ar,20,12,necessary,208018922
st,21,1,first,923189150
st,21,2,most,860964491
st,21,3,must,662994536
st,21,4,state,553386027
st,21,5,just,454162727
st,21,6,system,428655277
st,21,7,against,410444403
st,21,8,still,408263128
st,21,9,states,379406076
st,21,10,last,310248709
st,21,11,history,277771947
st,21,12,study,251146114
to,22,1,to,19347398077
to,22,2,into,1144226142
to,22,3,too,387800392
to,22,4,history,277771947
to,22,5,took,224536350
to,22,6,together,202762516
to,22,7,total,194645191
to,22,8,told,177717884
to,22,9,toward,140324365
to,22,10,story,136788548
to,22,11,town,128248209
to,22,12,towards,111513874
nt,23,1,into,1144226142
nt,23,2,government,390643826
nt,23,3,different,381761001
nt,23,4,point,333858038
nt,23,5,important,318798581
nt,23,6,present,313754008
nt,23,7,development,292567752
nt,23,8,country,287858905
nt,23,9,until,266946065
nt,23,10,control,254704442
nt,23,11,went,222172805
nt,23,12,interest,221787128
ng,24,1,being,616194541
ng,24,2,long,477333877
ng,24,3,during,448173996
ng,24,4,among,321351351
ng,24,5,following,282890287
ng,24,6,things,261491585
ng,24,7,having,256366406
ng,24,8,change,252169887
ng,24,9,young,233692423
ng,24,10,nothing,224710005
ng,24,11,something,223298632
ng,24,12,going,207111364
se,25,1,these,1305787385
se,25,2,see,846494292
se,25,3,those,691668501
se,25,4,because,612321946
se,25,5,use,535798133
se,25,6,used,524065144
se,25,7,case,416258729
se,25,8,house,316642686
se,25,9,second,316484908
se,25,10,present,313754008
se,25,11,himself,311869400
se,25,12,set,302361340
ha,26,1,that,8000768228
ha,26,2,have,2777439117
ha,26,3,had,2616021603
ha,26,4,has,1632148758
ha,26,5,what,1222533828
ha,26,6,than,1185020453
ha,26,7,shall,343397728
ha,26,8,hand,297264744
ha,26,9,chapter,263277218
ha,26,10,having,256366406
ha,26,11,change,252169887
ha,26,12,half,197368932
as,27,1,as,5700645258
as,27,2,was,5502713968
as,27,3,has,1632148758
as,27,4,case,416258729
as,27,5,last,310248709
as,27,6,least,219366839
as,27,7,cases,207684567
as,27,8,based,197020666
as,27,9,class,193633305
as,27,10,reason,174823900
as,27,11,asked,173745399
as,27,12,past,152399625
ou,28,1,you,2337737641
ou,28,2,would,1472811049
ou,28,3,about,1070877995
ou,28,4,out,1048211344
ou,28,5,could,886891028
ou,28,6,our,874965041
ou,28,7,should,814245936
ou,28,8,your,750769635
ou,28,9,through,647091198
ou,28,10,without,465581954
ou,28,11,found,436617767
ou,28,12,house,316642686
io,29,1,information,285127664
io,29,2,national,265411421
io,29,3,period,240810310
io,29,4,question,222529720
io,29,5,action,212759202
io,29,6,education,209865301
io,29,7,section,202298684
io,29,8,position,201281266
io,29,9,various,197327756
io,29,10,conditions,182610089
io,29,11,production,165669185
io,29,12,international,163591875
le,30,1,people,658716166
le,30,2,while,483440546
le,30,3,little,442854872
le,30,4,less,337388744
le,30,5,called,329762185
le,30,6,example,313505718
le,30,7,left,306802162
le,30,8,possible,272346265
le,30,9,whole,264397495
le,30,10,table,247925745
le,30,11,let,231529250
le,30,12,least,219366839
ve,31,1,have,2777439117
ve,31,2,very,746876416
ve,31,3,over,715517744
ve,31,4,even,677507335
ve,31,5,however,519207264
ve,31,6,every,393306866
ve,31,7,government,390643826
ve,31,8,given,370958373
ve,31,9,never,367408537
ve,31,10,development,292567752
ve,31,11,give,275807450
ve,31,12,university,267605414
co,32,1,could,886891028
co,32,2,come,337666242
co,32,3,second,316484908
co,32,4,country,287858905
co,32,5,course,267248526
co,32,6,control,254704442
co,32,7,become,247467268
co,32,8,court,235765991
co,32,9,common,232507127
co,32,10,company,228554181
co,32,11,economic,216707350
co,32,12,conditions,182610089
me,33,1,some,1182318418
me,33,2,time,1167810273
me,33,3,me,819570654
me,33,4,same,624529137
me,33,5,men,454094525
me,33,6,government,390643826
me,33,7,come,337666242
me,33,8,american,329409247
me,33,9,women,311778830
me,33,10,came,294530569
me,33,11,development,292567752
me,33,12,home,262557366
de,34,1,made,737658132
de,34,2,under,585610545
de,34,3,de,424296592
de,34,4,order,360669813
de,34,5,development,292567752
de,34,6,side,244375385
de,34,7,death,214241154
de,34,8,evidence,158753663
de,34,9,trade,157534593
de,34,10,model,155409143
de,34,11,students,154638455
de,34,12,considered,151545059
hi,35,1,this,3826060334
hi,35,2,his,3611377789
hi,35,3,which,3140226612
hi,35,4,him,1180769747
hi,35,5,while,483440546
hi,35,6,high,384098421
hi,35,7,within,351785120
hi,35,8,children,336723802
hi,35,9,himself,311869400
hi,35,10,think,282298331
hi,35,11,history,277771947
hi,35,12,things,261491585
ri,36,1,during,448173996
ri,36,2,right,405717045
ri,36,3,american,329409247
ri,36,4,period,240810310
ri,36,5,various,197327756
ri,36,6,experience,182659383
ri,36,7,british,164541425
ri,36,8,material,153214581
ri,36,9,countries,140381058
ri,36,10,america,139130506
ri,36,11,rights,138786228
ri,36,12,written,134806145
ro,37,1,from,3469207674
ro,37,2,through,647091198
ro,37,3,group,284672959
ro,37,4,process,261231720
ro,37,5,control,254704442
ro,37,6,around,225965973
ro,37,7,problem,207066989
ro,37,8,problems,182033209
ro,37,9,room,179662401
ro,37,10,brought,167509544
ro,37,11,production,165669185
ro,37,12,groups,159418843
ic,38,1,which,3140226612
ic,38,2,public,342759195
ic,38,3,american,329409247
ic,38,4,political,279042950
ic,38,5,economic,216707350
ic,38,6,service,214015710
ic,38,7,policy,191429651
ic,38,8,particular,188618420
ic,38,9,office,166126353
ic,38,10,specific,141363074
ic,38,11,practice,140702777
ic,38,12,america,139130506
ne,39,1,one,2148983086
ne,39,2,new,1073292865
ne,39,3,general,450612588
ne,39,4,never,367408537
ne,39,5,need,273479350
ne,39,6,line,237500159
ne,39,7,business,228894757
ne,39,8,next,219433560
ne,39,9,necessary,208018922
ne,39,10,done,205603672
ne,39,11,money,182729316
ne,39,12,near,154954539
ea,40,1,each,601281917
ea,40,2,years,563247544
ea,40,3,great,557149997
ea,40,4,year,377400785
ea,40,5,early,262989441
ea,40,6,means,261935832
ea,40,7,head,229586755
ea,40,8,least,219366839
ea,40,9,death,214241154
ea,40,10,research,210101214
ea,40,11,area,209904357
ea,40,12,already,198197475
ra,41,1,general,450612588
ra,41,2,rather,269938951
ra,41,3,several,266874027
ra,41,4,rate,188524311
ra,41,5,natural,163033916
ra,41,6,trade,157534593
ra,41,7,program,144947729
ra,41,8,central,143504901
ra,41,9,character,143305637
ra,41,10,practice,140702777
ra,41,11,generally,139841620
ra,41,12,range,118834139
ce,42,1,place,401396238
ce,42,2,since,371590865
ce,42,3,once,267334111
ce,42,4,process,261231720
ce,42,5,certain,255354603
ce,42,6,service,214015710
ce,42,7,necessary,208018922
ce,42,8,century,202612948
ce,42,9,face,184744335
ce,42,10,experience,182659383
ce,42,11,force,179566043
ce,42,12,office,166126353
li,43,1,like,709849832
li,43,2,life,607266209
li,43,3,little,442854872
li,43,4,public,342759195
li,43,5,political,279042950
li,43,6,line,237500159
li,43,7,light,223142561
li,43,8,english,195298116
li,43,9,policy,191429651
li,43,10,living,141598875
li,43,11,believe,138049846
li,43,12,military,124721452
ch,44,1,which,3140226612
ch,44,2,such,1100072478
ch,44,3,each,601281917
ch,44,4,much,601262291
ch,44,5,children,336723802
ch,44,6,school,286198020
ch,44,7,chapter,263277218
ch,44,8,change,252169887
ch,44,9,church,228296650
ch,44,10,child,214513506
ch,44,11,research,210101214
ch,44,12,changes,160538481
ll,45,1,all,2062779102
ll,45,2,will,1485140664
ll,45,3,well,675415316
ll,45,4,still,408263128
ll,45,5,small,350484848
ll,45,6,shall,343397728
ll,45,7,called,329762185
ll,45,8,following,282890287
ll,45,9,full,197457082
ll,45,10,usually,178737795
ll,45,11,especially,171145125
ll,45,12,tell,148165666
be,46,1,be,4818864785
be,46,2,been,1619043628
be,46,3,between,744064796
be,46,4,being,616194541
be,46,5,because,612321946
be,46,6,before,605166565
be,46,7,number,421670920
be,46,8,become,247467268
be,46,9,best,239519326
be,46,10,better,225159108
be,46,11,became,192781007
be,46,12,members,190942415
ma,47,1,may,1318050430
ma,47,2,made,737658132
ma,47,3,many,732675942
ma,47,4,man,609019192
ma,47,5,make,502804979
ma,47,6,small,350484848
ma,47,7,information,285127664
ma,47,8,human,279027691
ma,47,9,making,204240192
ma,47,10,matter,198029580
ma,47,11,woman,168921413
ma,47,12,major,168841614
si,48,1,since,371590865
si,48,2,possible,272346265
si,48,3,university,267605414
si,48,4,side,244375385
si,48,5,business,228894757
si,48,6,using,201536862
si,48,7,position,201281266
si,48,8,analysis,172535798
si,48,9,similar,168686666
si,48,10,single,163205541
si,48,11,considered,151545059
si,48,12,six,144460042
om,49,1,from,3469207674
om,49,2,some,1182318418
om,49,3,come,337666242
om,49,4,women,311778830
om,49,5,home,262557366
om,49,6,become,247467268
om,49,7,common,232507127
om,49,8,company,228554181
om,49,9,something,223298632
om,49,10,economic,216707350
om,49,11,room,179662401
om,49,12,woman,168921413
ur,50,1,our,874965041
ur,50,2,your,750769635
ur,50,3,during,448173996
ur,50,4,figure,273002399
ur,50,5,course,267248526
ur,50,6,four,262968583
ur,50,7,nature,258607404
ur,50,8,court,235765991
ur,50,9,church,228296650
ur,50,10,further,210653665
ur,50,11,century,202612948
ur,50,12,natural,163033916
ca,51,1,can,1665414118
ca,51,2,because,612321946
ca,51,3,case,416258729
ca,51,4,called,329762185
ca,51,5,american,329409247
ca,51,6,came,294530569
ca,51,7,political,279042950
ca,51,8,education,209865301
ca,51,9,cases,207684567
ca,51,10,became,192781007
ca,51,11,local,188970118
ca,51,12,care,168579579
el,52,1,well,675415316
el,52,2,himself,311869400
el,52,3,development,292567752
el,52,4,itself,223352412
el,52,5,level,217515046
el,52,6,themselves,216975281
el,52,7,self,209487136
el,52,8,help,199252187
el,52,9,held,179077711
el,52,10,field,176569485
el,52,11,model,155409143
el,52,12,felt,148292456
ta,53,1,state,553386027
ta,53,2,states,379406076
ta,53,3,take,378659319
ta,53,4,important,318798581
ta,53,5,certain,255354603
ta,53,6,data,254114763
ta,53,7,table,247925745
ta,53,8,taken,244444700
ta,53,9,total,194645191
ta,53,10,capital,125735242
ta,53,11,military,124721452
ta,53,12,taking,119919305
la,54,1,place,401396238
la,54,2,large,342399659
la,54,3,law,338265440
la,54,4,last,310248709
la,54,5,later,269420608
la,54,6,land,230194244
la,54,7,class,193633305
la,54,8,particular,188618420
la,54,9,la,182088211
la,54,10,black,181542099
la,54,11,language,180585791
la,54,12,similar,168686666
ns,55,1,against,410444403
ns,55,2,means,261935832
ns,55,3,sense,197220509
ns,55,4,conditions,182610089
ns,55,5,considered,151545059
ns,55,6,questions,120973232
ns,55,7,instead,118485329
ns,55,8,persons,116745553
ns,55,9,relationship,115960669
ns,55,10,relations,112325996
ns,55,11,answer,109738829
ns,55,12,response,103816451
di,56,1,did,689814257
di,56,2,different,381761001
di,56,3,individual,199046341
di,56,4,conditions,182610089
di,56,5,according,178815411
di,56,6,studies,159772512
di,56,7,including,153800374
di,56,8,difficult,130577321
di,56,9,building,125844801
di,56,10,condition,115246769
di,56,11,addition,115111424
di,56,12,direct,114945752
fo,57,1,for,6545282031
fo,57,2,before,605166565
fo,57,3,found,436617767
fo,57,4,form,352032932
fo,57,5,information,285127664
fo,57,6,following,282890287
fo,57,7,four,262968583
fo,57,8,therefore,256680119
fo,57,9,force,179566043
fo,57,10,foreign,155858655
fo,57,11,food,144138399
fo,57,12,forms,136468034
ho,58,1,who,1464601967
ho,58,2,should,814245936
ho,58,3,those,691668501
ho,58,4,how,630072115
ho,58,5,however,519207264
ho,58,6,without,465581954
ho,58,7,house,316642686
ho,58,8,though,315756488
ho,58,9,thought,292090261
ho,58,10,school,286198020
ho,58,11,although,269984217
ho,58,12,whole,264397495
pe,59,1,people,658716166
pe,59,2,per,300402417
pe,59,3,period,240810310
pe,59,4,person,232353232
pe,59,5,type,200474855
pe,59,6,perhaps,192537809
pe,59,7,open,184266698
pe,59,8,experience,182659383
pe,59,9,special,172749212
pe,59,10,especially,171145125
pe,59,11,personal,146111561
pe,59,12,property,142167084
ec,60,1,because,612321946
ec,60,2,second,316484908
ec,60,3,become,247467268
ec,60,4,effect,227026494
ec,60,5,economic,216707350
ec,60,6,necessary,208018922
ec,60,7,subject,207720288
ec,60,8,section,202298684
ec,60,9,became,192781007
ec,60,10,special,172749212
ec,60,11,especially,171145125
ec,60,12,specific,141363074
pr,61,1,present,313754008
pr,61,2,process,261231720
pr,61,3,press,211628967
pr,61,4,problem,207066989
pr,61,5,problems,182033209
pr,61,6,production,165669185
pr,61,7,probably,154301146
pr,61,8,program,144947729
pr,61,9,president,143231208
pr,61,10,property,142167084
pr,61,11,provide,141554873
pr,61,12,practice,140702777
no,62,1,not,4522732626
no,62,2,no,1400645478
no,62,3,now,679337516
no,62,4,another,444695376
no,62,5,know,405542218
no,62,6,known,242748318
no,62,7,nothing,224710005
no,62,8,economic,216707350
no,62,9,enough,188948038
no,62,10,knowledge,185412728
no,62,11,north,178650422
no,62,12,nor,173428887
ct,63,1,fact,303323018
ct,63,2,act,252837316
ct,63,3,effect,227026494
ct,63,4,action,212759202
ct,63,5,subject,207720288
ct,63,6,section,202298684
ct,63,7,production,165669185
ct,63,8,structure,150602123
ct,63,9,function,147417217
ct,63,10,character,143305637
ct,63,11,practice,140702777
ct,63,12,effects,137897766
us,64,1,must,662994536
us,64,2,because,612321946
us,64,3,use,535798133
us,64,4,used,524065144
us,64,5,us,516975345
us,64,6,just,454162727
us,64,7,thus,352803269
us,64,8,house,316642686
us,64,9,business,228894757
us,64,10,using,201536862
us,64,11,various,197327756
us,64,12,usually,178737795
ac,65,1,each,601281917
ac,65,2,back,406548203
ac,65,3,place,401396238
ac,65,4,fact,303323018
ac,65,5,act,252837316
ac,65,6,action,212759202
ac,65,7,face,184744335
ac,65,8,black,181542099
ac,65,9,according,178815411
ac,65,10,account,162780963
ac,65,11,surface,145677703
ac,65,12,character,143305637
ot,66,1,not,4522732626
ot,66,2,other,1383185827
ot,66,3,both,543776931
ot,66,4,another,444695376
ot,66,5,others,280160469
ot,66,6,nothing,224710005
ot,66,7,total,194645191
ot,66,8,mother,186371465
ot,66,9,got,162985190
ot,66,10,note,145170586
ot,66,11,wrote,101295092
ot,66,12,potential,91052860
il,67,1,will,1485140664
il,67,2,while,483440546
il,67,3,still,408263128
il,67,4,children,336723802
il,67,5,family,275638251
il,67,6,until,266946065
il,67,7,child,214513506
il,67,8,similar,168686666
il,67,9,available,150037688
il,67,10,building,125844801
il,67,11,military,124721452
il,67,12,william,115262883
tr,68,1,country,287858905
tr,68,2,control,254704442
tr,68,3,true,209902030
tr,68,4,trade,157534593
tr,68,5,structure,150602123
tr,68,6,treatment,144883050
tr,68,7,central,143504901
tr,68,8,countries,140381058
tr,68,9,strong,138949457
tr,68,10,truth,118722538
tr,68,11,industry,114733976
tr,68,12,street,110013571
ly,69,1,only,1135235700
ly,69,2,family,275638251
ly,69,3,early,262989441
ly,69,4,usually,178737795
ly,69,5,analysis,172535798
ly,69,6,especially,171145125
ly,69,7,probably,154301146
ly,69,8,really,147420684
ly,69,9,generally,139841620
ly,69,10,finally,124762454
ly,69,11,particularly,121435155
ly,69,12,likely,120758940
nc,70,1,since,371590865
nc,70,2,once,267334111
nc,70,3,experience,182659383
nc,70,4,evidence,158753663
nc,70,5,french,154091688
nc,70,6,including,153800374
nc,70,7,function,147417217
nc,70,8,increase,146162071
nc,70,9,science,141250014
nc,70,10,influence,139632645
nc,70,11,increased,122496287
nc,70,12,income,118647362
et,71,1,between,744064796
et,71,2,get,318321184
et,71,3,set,302361340
et,71,4,yet,298106656
et,71,5,et,249406150
et,71,6,whether,245964864
et,71,7,let,231529250
et,71,8,society,226962849
et,71,9,better,225159108
et,71,10,something,223298632
et,71,11,together,202762516
et,71,12,sometimes,165282667
ut,72,1,but,2792350185
ut,72,2,about,1070877995
ut,72,3,out,1048211344
ut,72,4,without,465581954
ut,72,5,put,234694082
ut,72,6,south,194907298
ut,72,7,future,151100623
ut,72,8,truth,118722538
ut,72,9,outside,118074170
ut,72,10,authority,116697449
ut,72,11,solution,106000254
ut,72,12,cut,103037571
ss,73,1,less,337388744
ss,73,2,possible,272346265
ss,73,3,process,261231720
ss,73,4,business,228894757
ss,73,5,press,211628967
ss,73,6,necessary,208018922
ss,73,7,class,193633305
ss,73,8,across,125969728
ss,73,9,pressure,124800018
ss,73,10,loss,109639032
ss,73,11,passed,107205319
ss,73,12,association,103663697
so,74,1,so,1449153410
so,74,2,some,1182318418
so,74,3,also,1038616504
so,74,4,social,362939226
so,74,5,person,232353232
so,74,6,society,226962849
so,74,7,something,223298632
so,74,8,south,194907298
so,74,9,reason,174823900
so,74,10,sometimes,165282667
so,74,11,soon,160678206
so,74,12,personal,146111561
rs,75,1,first,923189150
rs,75,2,years,563247544
rs,75,3,others,280160469
rs,75,4,university,267605414
rs,75,5,course,267248526
rs,75,6,person,232353232
rs,75,7,members,190942415
rs,75,8,personal,146111561
rs,75,9,hours,119182573
rs,75,10,persons,116745553
rs,75,11,understand,111365730
rs,75,12,workers,107751613
un,76,1,under,585610545
un,76,2,found,436617767
un,76,3,country,287858905
un,76,4,united,275947752
un,76,5,university,267605414
un,76,6,until,266946065
un,76,7,young,233692423
un,76,8,around,225965973
un,76,9,account,162780963
un,76,10,community,162100278
un,76,11,amount,147854681
un,76,12,function,147417217
lo,77,1,long,477333877
lo,77,2,development,292567752
lo,77,3,following,282890287
lo,77,4,love,210137973
lo,77,5,look,197095972
lo,77,6,london,192383215
lo,77,7,local,188970118
lo,77,8,along,186532177
lo,77,9,low,178926877
lo,77,10,lord,169071283
lo,77,11,lower,145218962
lo,77,12,close,144027294
wa,78,1,was,5502713968
wa,78,2,way,559785767
wa,78,3,water,355340324
wa,78,4,war,335494566
wa,78,5,always,289326176
wa,78,6,away,243726011
wa,78,7,want,207691335
wa,78,8,toward,140324365
wa,78,9,ways,113283389
wa,78,10,towards,111513874
wa,78,11,wanted,107546531
wa,78,12,washington,98704427
ge,79,1,general,450612588
ge,79,2,large,342399659
ge,79,3,get,318321184
ge,79,4,change,252169887
ge,79,5,age,208047899
ge,79,6,together,202762516
ge,79,7,knowledge,185412728
ge,79,8,language,180585791
ge,79,9,changes,160538481
ge,79,10,management,140362524
ge,79,11,generally,139841620
ge,79,12,longer,124113646
ie,80,1,society,226962849
ie,80,2,view,213769776
ie,80,3,experience,182659383
ie,80,4,field,176569485
ie,80,5,studies,159772512
ie,80,6,science,141250014
ie,80,7,countries,140381058
ie,80,8,believe,138049846
ie,80,9,series,122648090
ie,80,10,patient,116454325
ie,80,11,friends,114335214
ie,80,12,patients,114060991
wh,81,1,which,3140226612
wh,81,2,when,1519738651
wh,81,3,who,1464601967
wh,81,4,what,1222533828
wh,81,5,where,671644491
wh,81,6,while,483440546
wh,81,7,whole,264397495
wh,81,8,whether,245964864
wh,81,9,why,230806163
wh,81,10,white,223783182
wh,81,11,whose,196188708
wh,81,12,whom,167398469
ee,82,1,been,1619043628
ee,82,2,see,846494292
ee,82,3,between,744064796
ee,82,4,three,487787199
ee,82,5,need,273479350
ee,82,6,seen,232791574
ee,82,7,free,206158509
ee,82,8,seems,158520801
ee,82,9,keep,147405178
ee,82,10,indeed,147261279
ee,82,11,seemed,136340001
ee,82,12,feet,134348666
wi,83,1,with,5182797249
wi,83,2,will,1485140664
wi,83,3,without,465581954
wi,83,4,within,351785120
wi,83,5,following,282890287
wi,83,6,wife,119667451
wi,83,7,william,115262883
wi,83,8,wide,90243089
wi,83,9,otherwise,73189721
wi,83,10,wish,72239553
wi,83,11,growing,69385925
wi,83,12,window,59108775
em,84,1,them,1199636039
em,84,2,system,428655277
em,84,3,themselves,216975281
em,84,4,problem,207066989
em,84,5,members,190942415
em,84,6,problems,182033209
em,84,7,seems,158520801
em,84,8,systems,143847585
em,84,9,management,140362524
em,84,10,seemed,136340001
em,84,11,movement,133198779
em,84,12,seem,114793384
ad,85,1,had,2616021603
ad,85,2,made,737658132
ad,85,3,head,229586755
ad,85,4,already,198197475
ad,85,5,trade,157534593
ad,85,6,read,153605720
ad,85,7,instead,118485329
ad,85,8,addition,115111424
ad,85,9,reading,105673771
ad,85,10,added,104772904
ad,85,11,road,103446400
ad,85,12,lead,102763510
ol,86,1,old,383853789
ol,86,2,school,286198020
ol,86,3,following,282890287
ol,86,4,political,279042950
ol,86,5,whole,264397495
ol,86,6,control,254704442
ol,86,7,policy,191429651
ol,86,8,told,177717884
ol,86,9,role,140590569
ol,86,10,followed,115410114
ol,86,11,college,114625844
ol,86,12,vol,110098926
rt,87,1,part,515815125
rt,87,2,important,318798581
rt,87,3,certain,255354603
rt,87,4,court,235765991
rt,87,5,further,210653665
rt,87,6,party,203139462
rt,87,7,particular,188618420
rt,87,8,support,182544724
rt,87,9,north,178650422
rt,87,10,short,176858591
rt,87,11,art,165726241
rt,87,12,heart,161254474
po,88,1,upon,532434413
po,88,2,power,374440251
po,88,3,point,333858038
po,88,4,important,318798581
po,88,5,political,279042950
po,88,6,possible,272346265
po,88,7,position,201281266
po,88,8,policy,191429651
po,88,9,support,182544724
po,88,10,report,151675470
po,88,11,population,143726550
po,88,12,purpose,139327457
we,89,1,were,2270487439
we,89,2,we,2057296224
we,89,3,between,744064796
we,89,4,well,675415316
we,89,5,however,519207264
we,89,6,power,374440251
we,89,7,went,222172805
we,89,8,west,155720736
we,89,9,lower,145218962
we,89,10,twenty,119057697
we,89,11,followed,115410114
we,89,12,answer,109738829
na,90,1,national,265411421
na,90,2,nature,258607404
na,90,3,name,253016135
na,90,4,analysis,172535798
na,90,5,international,163591875
na,90,6,natural,163033916
na,90,7,personal,146111561
na,90,8,management,140362524
na,90,9,finally,124762454
na,90,10,original,114070624
na,90,11,journal,107491373
na,90,12,final,96624825
ul,91,1,would,1472811049
ul,91,2,could,886891028
ul,91,3,should,814245936
ul,91,4,result,199933678
ul,91,5,full,197457082
ul,91,6,particular,188618420
ul,91,7,results,180160027
ul,91,8,population,143726550
ul,91,9,difficult,130577321
ul,91,10,rule,126808176
ul,91,11,particularly,121435155
ul,91,12,culture,116003133
ni,92,1,united,275947752
ni,92,2,university,267605414
ni,92,3,night,177813198
ni,92,4,community,162100278
ni,92,5,union,131560771
ni,92,6,organization,117575520
ni,92,7,beginning,114330225
ni,92,8,morning,109646842
ni,92,9,learning,103238640
ni,92,10,training,103222916
ni,92,11,significant,101999263
ni,92,12,meaning,101764328
ts,93,1,its,1369438835
ts,93,2,itself,223352412
ts,93,3,results,180160027
ts,93,4,students,154638455
ts,93,5,rights,138786228
ts,93,6,effects,137897766
ts,93,7,parts,133867316
ts,93,8,outside,118074170
ts,93,9,points,115158315
ts,93,10,patients,114060991
ts,93,11,parents,97099001
ts,93,12,elements,96488567
mo,94,1,more,1547251508
mo,94,2,most,860964491
mo,94,3,among,321351351
mo,94,4,common,232507127
mo,94,5,almost,222456557
mo,94,6,mother,186371465
mo,94,7,money,182729316
mo,94,8,model,155409143
mo,94,9,amount,147854681
mo,94,10,modern,134920850
mo,94,11,moment,134838703
mo,94,12,movement,133198779
ow,95,1,now,679337516
ow,95,2,how,630072115
ow,95,3,own,524268424
ow,95,4,however,519207264
ow,95,5,down,422555509
ow,95,6,know,405542218
ow,95,7,power,374440251
ow,95,8,following,282890287
ow,95,9,known,242748318
ow,95,10,knowledge,185412728
ow,95,11,low,178926877
ow,95,12,show,178523179
pa,96,1,part,515815125
pa,96,2,company,228554181
pa,96,3,party,203139462
pa,96,4,particular,188618420
pa,96,5,past,152399625
pa,96,6,paper,135586065
pa,96,7,parts,133867316
pa,96,8,space,127941942
pa,96,9,particularly,121435155
pa,96,10,department,121167286
pa,96,11,patient,116454325
pa,96,12,patients,114060991
im,97,1,him,1180769747
im,97,2,time,1167810273
im,97,3,important,318798581
im,97,4,himself,311869400
im,97,5,times,244274912
im,97,6,similar,168686666
im,97,7,sometimes,165282667
im,97,8,simple,122864411
im,97,9,simply,110224005
im,97,10,importance,106610622
im,97,11,limited,98575904
im,97,12,immediately,92279838
mi,98,1,might,409560494
mi,98,2,family,275638251
mi,98,3,mind,220137001
mi,98,4,economic,216707350
mi,98,5,similar,168686666
mi,98,6,military,124721452
mi,98,7,middle,124608043
mi,98,8,committee,118868748
mi,98,9,limited,98575904
mi,98,10,miles,96533288
mi,98,11,coming,94643724
mi,98,12,determined,94480905
ai,99,1,said,757996425
ai,99,2,against,410444403
ai,99,3,again,326183679
ai,99,4,certain,255354603
ai,99,5,air,187006770
ai,99,6,available,150037688
ai,99,7,main,135766466
ai,99,8,obtained,105602979
ai,99,9,training,103222916
ai,99,10,paid,93735031
ai,99,11,certainly,92207776
ai,99,12,faith,91679190
sh,100,1,she,1392695717
sh,100,2,should,814245936
sh,100,3,shall,343397728
sh,100,4,english,195298116
sh,100,5,show,178523179
sh,100,6,short,176858591
sh,100,7,shown,164618363
sh,100,8,british,164541425
sh,100,9,established,119035887
sh,100,10,relationship,115960669
sh,100,11,shows,113416183
sh,100,12,published,107976995
ir,101,1,their,2152980325
ir,101,2,first,923189150
ir,101,3,air,187006770
ir,101,4,third,164752523
ir,101,5,required,157770281
ir,101,6,sir,124152316
ir,101,7,spirit,123746611
ir,101,8,direct,114945752
ir,101,9,fire,111793160
ir,101,10,direction,100827132
ir,101,11,directly,90710253
ir,101,12,entire,86075488
su,102,1,such,1100072478
su,102,2,subject,207720288
su,102,3,result,199933678
su,102,4,support,182544724
su,102,5,results,180160027
su,102,6,usually,178737795
su,102,7,surface,145677703
su,102,8,pressure,124800018
su,102,9,sure,116091233
su,102,10,issue,103420145
su,102,11,issues,94936661
su,102,12,success,93383234
id,103,1,said,757996425
id,103,2,did,689814257
id,103,3,side,244375385
id,103,4,individual,199046341
id,103,5,evidence,158753663
id,103,6,considered,151545059
id,103,7,idea,145406908
id,103,8,president,143231208
id,103,9,provide,141554873
id,103,10,provided,134897102
id,103,11,middle,124608043
id,103,12,outside,118074170
os,104,1,most,860964491
os,104,2,those,691668501
os,104,3,possible,272346265
os,104,4,almost,222456557
os,104,5,position,201281266
os,104,6,whose,196188708
os,104,7,cost,146106969
os,104,8,close,144027294
os,104,9,purpose,139327457
os,104,10,across,125969728
os,104,11,lost,120728633
os,104,12,loss,109639032
iv,105,1,given,370958373
iv,105,2,give,275807450
iv,105,3,university,267605414
iv,105,4,five,212389943
iv,105,5,individual,199046341
iv,105,6,living,141598875
iv,105,7,received,139080046
iv,105,8,private,132458739
iv,105,9,river,129050101
iv,105,10,activity,126420735
iv,105,11,live,117234948
iv,105,12,activities,113101457
ia,106,1,social,362939226
ia,106,2,special,172749212
ia,106,3,especially,171145125
ia,106,4,material,153214581
ia,106,5,william,115262883
ia,106,6,association,103663697
ia,106,7,india,103234898
ia,106,8,christian,102337125
ia,106,9,associated,101716328
ia,106,10,indian,98531340
ia,106,11,immediately,92279838
ia,106,12,materials,91143958
am,107,1,same,624529137
am,107,2,american,329409247
am,107,3,among,321351351
am,107,4,example,313505718
am,107,5,came,294530569
am,107,6,family,275638251
am,107,7,name,253016135
am,107,8,am,236082024
am,107,9,became,192781007
am,107,10,amount,147854681
am,107,11,program,144947729
am,107,12,america,139130506
fi,108,1,first,923189150
fi,108,2,find,274292734
fi,108,3,figure,273002399
fi,108,4,five,212389943
fi,108,5,field,176569485
fi,108,6,office,166126353
fi,108,7,fig,150377590
fi,108,8,specific,141363074
fi,108,9,difficult,130577321
fi,108,10,finally,124762454
fi,108,11,fire,111793160
fi,108,12,significant,101999263
ci,109,1,social,362939226
ci,109,2,city,245776687
ci,109,3,society,226962849
ci,109,4,special,172749212
ci,109,5,especially,171145125
ci,109,6,specific,141363074
ci,109,7,science,141250014
ci,109,8,council,111961286
ci,109,9,decision,108947093
ci,109,10,species,104777832
ci,109,11,association,103663697
ci,109,12,associated,101716328
vi,110,1,having,256366406
vi,110,2,service,214015710
vi,110,3,view,213769776
vi,110,4,individual,199046341
vi,110,5,evidence,158753663
vi,110,6,living,141598875
vi,110,7,provide,141554873
vi,110,8,services,138796737
vi,110,9,provided,134897102
vi,110,10,activity,126420735
vi,110,11,activities,113101457
vi,110,12,behavior,104177552
pl,111,1,people,658716166
pl,111,2,place,401396238
pl,111,3,example,313505718
pl,111,4,plan,133951245
pl,111,5,play,125848745
pl,111,6,simple,122864411
pl,111,7,complete,120475549
pl,111,8,simply,110224005
pl,111,9,placed,105053742
pl,111,10,application,99149278
pl,111,11,applied,95584186
pl,111,12,principle,92207363
ig,112,1,might,409560494
ig,112,2,right,405717045
ig,112,3,high,384098421
ig,112,4,figure,273002399
ig,112,5,light,223142561
ig,112,6,night,177813198
ig,112,7,foreign,155858655
ig,112,8,higher,150778139
ig,112,9,fig,150377590
ig,112,10,rights,138786228
ig,112,11,religious,117449364
ig,112,12,design,117049361
tu,113,1,nature,258607404
tu,113,2,study,251146114
tu,113,3,century,202612948
tu,113,4,natural,163033916
tu,113,5,studies,159772512
tu,113,6,students,154638455
tu,113,7,future,151100623
tu,113,8,structure,150602123
tu,113,9,return,141090661
tu,113,10,situation,134610698
tu,113,11,turn,134505772
tu,113,12,turned,127075437
ev,114,1,even,677507335
ev,114,2,however,519207264
ev,114,3,every,393306866
ev,114,4,never,367408537
ev,114,5,development,292567752
ev,114,6,several,266874027
ev,114,7,level,217515046
ev,114,8,ever,207615532
ev,114,9,evidence,158753663
ev,114,10,believe,138049846
ev,114,11,developed,118108656
ev,114,12,review,102040164
ld,115,1,would,1472811049
ld,115,2,could,886891028
ld,115,3,should,814245936
ld,115,4,world,505870068
ld,115,5,old,383853789
ld,115,6,children,336723802
ld,115,7,child,214513506
ld,115,8,held,179077711
ld,115,9,told,177717884
ld,115,10,field,176569485
ld,115,11,building,125844801
ld,115,12,hold,99442715
ry,116,1,very,746876416
ry,116,2,every,393306866
ry,116,3,country,287858905
ry,116,4,history,277771947
ry,116,5,necessary,208018922
ry,116,6,century,202612948
ry,116,7,theory,168319212
ry,116,8,story,136788548
ry,116,9,military,124721452
ry,116,10,industry,114733976
ry,116,11,everything,100209737
ry,116,12,primary,86561888
mp,117,1,important,318798581
mp,117,2,example,313505718
mp,117,3,company,228554181
mp,117,4,simple,122864411
mp,117,5,complete,120475549
mp,117,6,simply,110224005
mp,117,7,importance,106610622
mp,117,8,temperature,102534206
mp,117,9,complex,86083324
mp,117,10,attempt,85325513
mp,117,11,companies,72557544
mp,117,12,computer,72150984
fe,118,1,life,607266209
fe,118,2,different,381761001
fe,118,3,few,321537010
fe,118,4,effect,227026494
fe,118,5,felt,148292456
fe,118,6,effects,137897766
fe,118,7,feet,134348666
fe,118,8,feel,129516227
fe,118,9,wife,119667451
fe,118,10,difference,110581448
fe,118,11,federal,97641247
fe,118,12,effective,93845257
bl,119,1,public,342759195
bl,119,2,possible,272346265
bl,119,3,table,247925745
bl,119,4,problem,207066989
bl,119,5,able,182787681
bl,119,6,problems,182033209
bl,119,7,black,181542099
bl,119,8,probably,154301146
bl,119,9,available,150037688
bl,119,10,blood,143765938
bl,119,11,established,119035887
bl,119,12,published,107976995
ab,120,1,about,1070877995
ab,120,2,above,257260161
ab,120,3,table,247925745
ab,120,4,able,182787681
ab,120,5,probably,154301146
ab,120,6,available,150037688
ab,120,7,established,119035887
ab,120,8,labor,108728677
ab,120,9,ability,81500208
ab,120,10,considerable,79770275
ab,120,11,labour,72574389
ab,120,12,absence,54655294
gh,121,1,through,647091198
gh,121,2,might,409560494
gh,121,3,right,405717045
gh,121,4,high,384098421
gh,121,5,though,315756488
gh,121,6,thought,292090261
gh,121,7,although,269984217
gh,121,8,light,223142561
gh,121,9,enough,188948038
gh,121,10,night,177813198
gh,121,11,brought,167509544
gh,121,12,higher,150778139
ty,122,1,university,267605414
ty,122,2,city,245776687
ty,122,3,society,226962849
ty,122,4,party,203139462
ty,122,5,type,200474855
ty,122,6,community,162100278
ty,122,7,property,142167084
ty,122,8,activity,126420735
ty,122,9,twenty,119057697
ty,122,10,authority,116697449
ty,122,11,quality,110037183
ty,122,12,types,102702549
op,123,1,people,658716166
op,123,2,development,292567752
op,123,3,open,184266698
op,123,4,population,143726550
op,123,5,property,142167084
op,123,6,developed,118108656
op,123,7,top,107686513
op,123,8,hope,105991336
op,123,9,europe,104380168
op,123,10,opinion,99413974
op,123,11,operation,95100641
op,123,12,european,94407549
wo,124,1,would,1472811049
wo,124,2,two,1034082956
wo,124,3,work,621797228
wo,124,4,world,505870068
wo,124,5,women,311778830
wo,124,6,words,227368818
wo,124,7,word,184603724
wo,124,8,woman,168921413
wo,124,9,working,149602561
wo,124,10,works,134992496
wo,124,11,workers,107751613
wo,124,12,worked,71844417
sa,125,1,said,757996425
sa,125,2,same,624529137
sa,125,3,say,310063047
sa,125,4,necessary,208018922
sa,125,5,saw,161350792
sa,125,6,says,140186080
sa,125,7,thousand,81181403
sa,125,8,saying,70213724
sa,125,9,sample,65476686
sa,125,10,sat,61635745
sa,125,11,san,59574315
sa,125,12,sales,58217116
ay,126,1,may,1318050430
ay,126,2,way,559785767
ay,126,3,day,471012276
ay,126,4,say,310063047
ay,126,5,always,289326176
ay,126,6,away,243726011
ay,126,7,days,235135424
ay,126,8,says,140186080
ay,126,9,play,125848745
ay,126,10,ways,113283389
ay,126,11,pay,109289513
ay,126,12,today,108960014
ex,127,1,example,313505718
ex,127,2,next,219433560
ex,127,3,experience,182659383
ex,127,4,except,116721782
ex,127,5,text,99367890
ex,127,6,expected,97832275
ex,127,7,extent,97114220
ex,127,8,expression,90569415
ex,127,9,existence,89086621
ex,127,10,complex,86083324
ex,127,11,exchange,76398427
ex,127,12,exercise,72067303
ke,128,1,like,709849832
ke,128,2,make,502804979
ke,128,3,take,378659319
ke,128,4,taken,244444700
ke,128,5,asked,173745399
ke,128,6,keep,147405178
ke,128,7,market,146995195
ke,128,8,looked,137482513
ke,128,9,makes,125236883
ke,128,10,likely,120758940
ke,128,11,workers,107751613
ke,128,12,kept,102131747
fr,129,1,from,3469207674
fr,129,2,free,206158509
fr,129,3,french,154091688
fr,129,4,friends,114335214
fr,129,5,front,114244970
fr,129,6,france,111695924
fr,129,7,friend,102792326
fr,129,8,freedom,83831865
fr,129,9,frequently,81661621
fr,129,10,africa,67945763
fr,129,11,african,62023623
fr,129,12,frequency,57939798
oo,130,1,good,509939542
oo,130,2,too,387800392
oo,130,3,school,286198020
oo,130,4,book,244679041
oo,130,5,took,224536350
oo,130,6,look,197095972
oo,130,7,room,179662401
oo,130,8,soon,160678206
oo,130,9,food,144138399
oo,130,10,blood,143765938
oo,130,11,looked,137482513
oo,130,12,poor,128893459
av,131,1,have,2777439117
av,131,2,having,256366406
av,131,3,gave,153925918
av,131,4,available,150037688
av,131,5,leave,111442661
av,131,6,average,111225011
av,131,7,behavior,104177552
av,131,8,heavy,72613321
av,131,9,david,67869725
av,131,10,avoid,60713817
av,131,11,leaves,59706459
av,131,12,leaving,58148523
ag,132,1,against,410444403
ag,132,2,again,326183679
ag,132,3,age,208047899
ag,132,4,language,180585791
ag,132,5,management,140362524
ag,132,6,average,111225011
ag,132,7,stage,109565790
ag,132,8,page,108390018
ag,132,9,image,83929870
ag,132,10,agreement,80276151
ag,132,11,marriage,75597009
ag,132,12,ago,73358573
if,133,1,if,1564986692
if,133,2,life,607266209
if,133,3,different,381761001
if,133,4,specific,141363074
if,133,5,difficult,130577321
if,133,6,wife,119667451
if,133,7,difference,110581448
if,133,8,significant,101999263
if,133,9,differences,87593624
if,133,10,scientific,71545578
if,133,11,beautiful,68637744
if,133,12,california,64701169
ap,134,1,chapter,263277218
ap,134,2,perhaps,192537809
ap,134,3,paper,135586065
ap,134,4,capital,125735242
ap,134,5,approach,125032805
ap,134,6,appear,113979614
ap,134,7,appears,102703030
ap,134,8,application,99149278
ap,134,9,applied,95584186
ap,134,10,appeared,88081092
ap,134,11,april,86612130
ap,134,12,appropriate,80022252
gr,135,1,great,557149997
gr,135,2,group,284672959
gr,135,3,groups,159418843
gr,135,4,greater,158013141
gr,135,5,growth,147031630
gr,135,6,program,144947729
gr,135,7,ground,136169686
gr,135,8,degree,111537970
gr,135,9,congress,90923426
gr,135,10,green,84883858
gr,135,11,agreement,80276151
gr,135,12,progress,77622452
od,136,1,good,509939542
od,136,2,god,368677508
od,136,3,body,251658904
od,136,4,period,240810310
od,136,5,production,165669185
od,136,6,method,159053948
od,136,7,model,155409143
od,136,8,food,144138399
od,136,9,blood,143765938
od,136,10,modern,134920850
od,136,11,methods,115683616
od,136,12,produced,111503587
bo,137,1,about,1070877995
bo,137,2,both,543776931
bo,137,3,above,257260161
bo,137,4,body,251658904
bo,137,5,book,244679041
bo,137,6,books,128685076
bo,137,7,board,117325679
bo,137,8,labor,108728677
bo,137,9,born,90297418
bo,137,10,boy,77220366
bo,137,11,box,73974790
bo,137,12,labour,72574389
sp,138,1,special,172749212
sp,138,2,especially,171145125
sp,138,3,specific,141363074
sp,138,4,space,127941942
sp,138,5,spirit,123746611
sp,138,6,respect,116205867
sp,138,7,species,104777832
sp,138,8,response,103816451
sp,138,9,speak,83469645
sp,138,10,speech,78548997
sp,138,11,spring,65760939
sp,138,12,despite,64074399
rd,139,1,order,360669813
rd,139,2,words,227368818
rd,139,3,word,184603724
rd,139,4,according,178815411
rd,139,5,lord,169071283
rd,139,6,third,164752523
rd,139,7,toward,140324365
rd,139,8,hard,125255025
rd,139,9,heard,121054582
rd,139,10,board,117325679
rd,139,11,standard,111899749
rd,139,12,towards,111513874
do,140,1,do,1116608183
do,140,2,does,426675356
do,140,3,down,422555509
do,140,4,done,205603672
do,140,5,london,192383215
do,140,6,doing,109588230
do,140,7,door,107165852
do,140,8,doubt,86837636
do,140,9,freedom,83831865
do,140,10,double,60894167
do,140,11,window,59108775
do,140,12,domestic,58007675
uc,141,1,such,1100072478
uc,141,2,much,601262291
uc,141,3,education,209865301
uc,141,4,production,165669185
uc,141,5,structure,150602123
uc,141,6,produced,111503587
uc,141,7,product,96228667
uc,141,8,produce,95384159
uc,141,9,success,93383234
uc,141,10,products,92985765
uc,141,11,construction,78888353
uc,141,12,introduction,75350470
bu,142,1,but,2792350185
bu,142,2,business,228894757
bu,142,3,building,125844801
bu,142,4,distribution,98801980
bu,142,5,built,88977072
bu,142,6,build,45266402
bu,142,7,buildings,43891696
bu,142,8,buy,43002803
bu,142,9,contribution,34975734
bu,142,10,budget,32746122
bu,142,11,distributed,31064160
bu,142,12,abuse,28339218
ei,143,1,their,2152980325
ei,143,2,being,616194541
ei,143,3,either,231828021
ei,143,4,foreign,155858655
ei,143,5,received,139080046
ei,143,6,neither,92913536
ei,143,7,weight,88931850
ei,143,8,eight,81515476
ei,143,9,receive,67739361
ei,143,10,seeing,46742569
ei,143,11,height,44915424
ei,143,12,protein,43938982
ov,144,1,over,715517744
ov,144,2,government,390643826
ov,144,3,above,257260161
ov,144,4,love,210137973
ov,144,5,provide,141554873
ov,144,6,provided,134897102
ov,144,7,movement,133198779
ov,144,8,move,93962800
ov,144,9,moved,78308876
ov,144,10,soviet,70956695
ov,144,11,provides,70820003
ov,144,12,covered,68569446
by,145,1,by,4703106084
by,145,2,baby,41036005
by,145,3,thereby,34369860
by,145,4,nearby,15968958
by,145,5,whereby,14368805
by,145,6,hereby,8197799
by,145,7,presbyterian,6607643
by,145,8,byron,6513041
by,145,9,bye,6216381
by,145,10,lobby,5435318
by,145,11,byzantine,5363211
by,145,12,bobby,4445306
rm,146,1,form,352032932
rm,146,2,information,285127664
rm,146,3,terms,183434872
rm,146,4,term,152976238
rm,146,5,forms,136468034
rm,146,6,army,123310034
rm,146,7,german,111778665
rm,146,8,normal,110176830
rm,146,9,performance,103654915
rm,146,10,former,101846921
rm,146,11,determined,94480905
rm,146,12,formed,91737307
ep,147,1,report,151675470
ep,147,2,keep,147405178
ep,147,3,department,121167286
ep,147,4,except,116721782
ep,147,5,kept,102131747
ep,147,6,deep,95321084
ep,147,7,step,93522951
ep,147,8,reported,88357597
ep,147,9,independent,82973548
ep,147,10,separate,76484418
ep,147,11,september,74566913
ep,147,12,concept,73598965
tt,148,1,little,442854872
tt,148,2,better,225159108
tt,148,3,matter,198029580
tt,148,4,letter,137746343
tt,148,5,written,134806145
tt,148,6,attention,128701456
tt,148,7,committee,118868748
tt,148,8,latter,116154349
tt,148,9,letters,86483192
tt,148,10,attempt,85325513
tt,148,11,getting,73375416
tt,148,12,pattern,73371169
oc,149,1,social,362939226
oc,149,2,process,261231720
oc,149,3,society,226962849
oc,149,4,local,188970118
oc,149,5,association,103663697
oc,149,6,associated,101716328
oc,149,7,stock,81089976
oc,149,8,occur,79479712
oc,149,9,processes,76196139
oc,149,10,october,75987271
oc,149,11,procedure,66904035
oc,149,12,occurs,60130691
fa,150,1,fact,303323018
fa,150,2,far,288760391
fa,150,3,family,275638251
fa,150,4,father,210972103
fa,150,5,face,184744335
fa,150,6,surface,145677703
fa,150,7,factors,104238296
fa,150,8,fall,98777178
fa,150,9,faith,91679190
fa,150,10,factor,80951457
fa,150,11,failure,73834492
fa,150,12,families,70068465
ef,151,1,before,605166565
ef,151,2,left,306802162
ef,151,3,therefore,256680119
ef,151,4,effect,227026494
ef,151,5,effects,137897766
ef,151,6,chief,104936898
ef,151,7,effective,93845257
ef,151,8,reference,88812899
ef,151,9,defined,79139469
ef,151,10,useful,78871232
ef,151,11,effort,75329669
ef,151,12,efforts,70808999
cu,152,1,particular,188618420
cu,152,2,current,138569643
cu,152,3,difficult,130577321
cu,152,4,particularly,121435155
cu,152,5,culture,116003133
cu,152,6,cut,103037571
cu,152,7,discussion,95836510
cu,152,8,security,94081024
cu,152,9,cultural,89796487
cu,152,10,circumstances,82859794
cu,152,11,occur,79479712
cu,152,12,discussed,75791362
rn,153,1,government,390643826
rn,153,2,international,163591875
rn,153,3,return,141090661
rn,153,4,modern,134920850
rn,153,5,turn,134505772
rn,153,6,turned,127075437
rn,153,7,morning,109646842
rn,153,8,journal,107491373
rn,153,9,western,106592600
rn,153,10,learning,103238640
rn,153,11,born,90297418
rn,153,12,concerned,83350541
sc,154,1,school,286198020
sc,154,2,science,141250014
sc,154,3,described,131540958
sc,154,4,schools,102673006
sc,154,5,discussion,95836510
sc,154,6,scale,87945524
sc,154,7,discussed,75791362
sc,154,8,description,71716121
sc,154,9,scientific,71545578
sc,154,10,scene,59437019
sc,154,11,discovered,52126341
sc,154,12,consciousness,48106772
gi,155,1,given,370958373
gi,155,2,give,275807450
gi,155,3,religious,117449364
gi,155,4,beginning,114330225
gi,155,5,original,114070624
gi,155,6,region,99947510
gi,155,7,religion,95336728
gi,155,8,gives,93485484
gi,155,9,giving,82617922
gi,155,10,girl,75288361
gi,155,11,begin,69317502
gi,155,12,origin,59234974
da,156,1,day,471012276
da,156,2,data,254114763
da,156,3,days,235135424
da,156,4,standard,111899749
da,156,5,today,108960014
da,156,6,date,99163252
da,156,7,dark,83668292
da,156,8,daily,74143745
da,156,9,david,67869725
da,156,10,daughter,64124472
da,156,11,standards,58856766
da,156,12,canada,54216137
yo,157,1,you,2337737641
yo,157,2,your,750769635
yo,157,3,york,287117910
yo,157,4,young,233692423
yo,157,5,beyond,118422939
yo,157,6,everyone,55441727
yo,157,7,anyone,52719421
yo,157,8,yourself,51542943
yo,157,9,youth,51315735
yo,157,10,younger,33702891
yo,157,11,yours,19274997
yo,157,12,mayor,17099215
cr,158,1,increase,146162071
cr,158,2,described,131540958
cr,158,3,across,125969728
cr,158,4,increased,122496287
cr,158,5,cross,92631653
cr,158,6,created,80763009
cr,158,7,critical,76145395
cr,158,8,create,72032879
cr,158,9,description,71716121
cr,158,10,increasing,69530493
cr,158,11,secretary,66502317
cr,158,12,credit,63361824
cl,159,1,class,193633305
cl,159,2,clear,155451094
cl,159,3,including,153800374
cl,159,4,close,144027294
cl,159,5,include,113661157
cl,159,6,clearly,97843943
cl,159,7,included,87961423
cl,159,8,article,86017205
cl,159,9,claim,71229695
cl,159,10,classes,65300245
cl,159,11,closed,59054121
cl,159,12,conclusion,56665504
du,160,1,during,448173996
du,160,2,education,209865301
du,160,3,individual,199046341
du,160,4,production,165669185
du,160,5,due,164237479
du,160,6,industry,114733976
du,160,7,produced,111503587
du,160,8,product,96228667
du,160,9,produce,95384159
du,160,10,products,92985765
du,160,11,individuals,87854335
du,160,12,industrial,86710235
ga,161,1,against,410444403
ga,161,2,again,326183679
ga,161,3,began,163262683
ga,161,4,gave,153925918
ga,161,5,organization,117575520
ga,161,6,legal,91243628
ga,161,7,regard,81462519
ga,161,8,gas,71631004
ga,161,9,negative,68431010
ga,161,10,game,59438950
ga,161,11,organizations,57029267
ga,161,12,regarded,56261135
qu,162,1,question,222529720
qu,162,2,quite,173456485
qu,162,3,required,157770281
qu,162,4,questions,120973232
qu,162,5,quality,110037183
qu,162,6,equal,103238744
qu,162,7,frequently,81661621
qu,162,8,require,68399544
qu,162,9,quickly,67282635
qu,162,10,equipment,64858025
qu,162,11,square,63228484
qu,162,12,requires,61891844
ue,163,1,value,251727013
ue,163,2,question,222529720
ue,163,3,true,209902030
ue,163,4,due,164237479
ue,163,5,influence,139632645
ue,163,6,values,133213477
ue,163,7,continued,123662279
ue,163,8,questions,120973232
ue,163,9,issue,103420145
ue,163,10,issues,94936661
ue,163,11,frequently,81661621
ue,163,12,blue,72974499
ff,164,1,different,381761001
ff,164,2,off,302535533
ff,164,3,effect,227026494
ff,164,4,office,166126353
ff,164,5,effects,137897766
ff,164,6,difficult,130577321
ff,164,7,difference,110581448
ff,164,8,effective,93845257
ff,164,9,differences,87593624
ff,164,10,staff,77708958
ff,164,11,sufficient,75910173
ff,164,12,effort,75329669
ba,165,1,back,406548203
ba,165,2,based,197020666
ba,165,3,probably,154301146
ba,165,4,basis,123422191
ba,165,5,bank,107713584
ba,165,6,basic,102960618
ba,165,7,base,86517782
ba,165,8,bad,85320148
ba,165,9,husband,74612454
ba,165,10,balance,65883702
ba,165,11,battle,65239064
ba,165,12,urban,55345225
ey,166,1,they,2462131290
ey,166,2,money,182729316
ey,166,3,eyes,172228666
ey,166,4,beyond,118422939
ey,166,5,key,83552147
ey,166,6,eye,82308670
ey,166,7,survey,56062675
ey,166,8,valley,49963758
ey,166,9,journey,36673282
ey,166,10,attorney,24987364
ey,166,11,grey,21553374
ey,166,12,jersey,17265384
ls,167,1,also,1038616504
ls,167,2,cells,111296827
ls,167,3,schools,102673006
ls,167,4,else,94712154
ls,167,5,levels,92296964
ls,167,6,materials,91143958
ls,167,7,individuals,87854335
ls,167,8,animals,76126929
ls,167,9,models,58647771
ls,167,10,girls,55618263
ls,167,11,details,54834084
ls,167,12,walls,53543364
va,168,1,value,251727013
va,168,2,various,197327756
va,168,3,available,150037688
va,168,4,values,133213477
va,168,5,private,132458739
va,168,6,variety,73108031
va,168,7,advantage,63931110
va,168,8,van,54213864
va,168,9,advanced,52030761
va,168,10,valley,49963758
va,168,11,variable,49568655
va,168,12,evaluation,46767422
um,169,1,number,421670920
um,169,2,human,279027691
um,169,3,volume,102231218
um,169,4,numbers,86377548
um,169,5,circumstances,82859794
um,169,6,summer,71669834
um,169,7,argument,64366769
um,169,8,numerous,59170232
um,169,9,maximum,56689718
um,169,10,assumed,52011524
um,169,11,medium,51316760
um,169,12,sum,50642558
pp,170,1,support,182544724
pp,170,2,approach,125032805
pp,170,3,appear,113979614
pp,170,4,appears,102703030
pp,170,5,application,99149278
pp,170,6,applied,95584186
pp,170,7,appeared,88081092
pp,170,8,supply,87778086
pp,170,9,upper,82015080
pp,170,10,appropriate,80022252
pp,170,11,opportunity,72227568
pp,170,12,appearance,65998192
ua,171,1,individual,199046341
ua,171,2,language,180585791
ua,171,3,usually,178737795
ua,171,4,situation,134610698
ua,171,5,quality,110037183
ua,171,6,equal,103238744
ua,171,7,actually,96637249
ua,171,8,individuals,87854335
ua,171,9,actual,81881900
ua,171,10,january,77148384
ua,171,11,annual,66566187
ua,171,12,square,63228484
up,172,1,up,975409474
up,172,2,upon,532434413
up,172,3,group,284672959
up,172,4,support,182544724
up,172,5,groups,159418843
up,172,6,supply,87778086
up,172,7,upper,82015080
up,172,8,suppose,55746581
up,172,9,supposed,51153222
up,172,10,supreme,49685496
up,172,11,supported,48200932
up,172,12,superior,45506576
lu,173,1,value,251727013
lu,173,2,including,153800374
lu,173,3,influence,139632645
lu,173,4,values,133213477
lu,173,5,include,113661157
lu,173,6,solution,106000254
lu,173,7,volume,102231218
lu,173,8,included,87961423
lu,173,9,failure,73834492
lu,173,10,blue,72974499
lu,173,11,revolution,68999580
lu,173,12,conclusion,56665504
go,174,1,good,509939542
go,174,2,government,390643826
go,174,3,god,368677508
go,174,4,go,323996019
go,174,5,going,207111364
go,174,6,got,162985190
go,174,7,gone,81987916
go,174,8,goods,79809435
go,174,9,gold,77223152
go,174,10,ago,73358573
go,174,11,goes,63818616
go,174,12,governor,59443896
ht,175,1,might,409560494
ht,175,2,right,405717045
ht,175,3,thought,292090261
ht,175,4,light,223142561
ht,175,5,night,177813198
ht,175,6,brought,167509544
ht,175,7,rights,138786228
ht,175,8,weight,88931850
ht,175,9,eight,81515476
ht,175,10,daughter,64124472
ht,175,11,ought,57330059
ht,175,12,sight,52878422
ru,176,1,true,209902030
ru,176,2,structure,150602123
ru,176,3,rule,126808176
ru,176,4,truth,118722538
ru,176,5,run,109873076
ru,176,6,rules,95446866
ru,176,7,construction,78888353
ru,176,8,trust,66094897
ru,176,9,february,62666912
ru,176,10,running,60367634
ru,176,11,structures,54296986
ru,176,12,russian,53427209
ug,177,1,through,647091198
ug,177,2,though,315756488
ug,177,3,thought,292090261
ug,177,4,although,269984217
ug,177,5,enough,188948038
ug,177,6,brought,167509544
ug,177,7,throughout,96182381
ug,177,8,august,75950243
ug,177,9,suggested,72555131
ug,177,10,daughter,64124472
ug,177,11,ought,57330059
ug,177,12,suggest,53090345
ds,178,1,words,227368818
ds,178,2,hands,140696114
ds,178,3,needs,116865318
ds,178,4,methods,115683616
ds,178,5,friends,114335214
ds,178,6,towards,111513874
ds,178,7,goods,79809435
ds,178,8,records,62192421
ds,178,9,standards,58856766
ds,178,10,fields,58098390
ds,178,11,kinds,54492074
ds,178,12,funds,46652294
lt,179,1,although,269984217
lt,179,2,result,199933678
lt,179,3,results,180160027
lt,179,4,health,172752751
lt,179,5,felt,148292456
lt,179,6,difficult,130577321
lt,179,7,culture,116003133
lt,179,8,cultural,89796487
lt,179,9,built,88977072
lt,179,10,difficulty,57686471
lt,179,11,agricultural,53759359
lt,179,12,alternative,50908630
pi,180,1,capital,125735242
pi,180,2,spirit,123746611
pi,180,3,opinion,99413974
pi,180,4,picture,80466092
pi,180,5,despite,64074399
pi,180,6,piece,63366737
pi,180,7,hospital,62742412
pi,180,8,spiritual,59185069
pi,180,9,developing,53771963
pi,180,10,empire,51178024
pi,180,11,typical,49958657
pi,180,12,rapidly,47062588
rc,181,1,church,228296650
rc,181,2,research,210101214
rc,181,3,force,179566043
rc,181,4,percent,126774559
rc,181,5,source,122508876
rc,181,6,march,111017382
rc,181,7,forces,103159527
rc,181,8,resources,92890018
rc,181,9,circumstances,82859794
rc,181,10,sources,75269037
rc,181,11,exercise,72067303
rc,181,12,commercial,63306941
rr,182,1,current,138569643
rr,182,2,carried,110953787
rr,182,3,marriage,75597009
rr,182,4,carry,67589761
rr,182,5,married,64470207
rr,182,6,arrived,60190022
rr,182,7,correct,58484354
rr,182,8,error,56750399
rr,182,9,referred,56063992
rr,182,10,occurred,52908644
rr,182,11,corresponding,44418215
rr,182,12,territory,43074107
eg,183,1,began,163262683
eg,183,2,college,114625844
eg,183,3,beginning,114330225
eg,183,4,degree,111537970
eg,183,5,region,99947510
eg,183,6,legal,91243628
eg,183,7,regard,81462519
eg,183,8,begin,69317502
eg,183,9,negative,68431010
eg,183,10,regular,56846646
eg,183,11,regarded,56261135
eg,183,12,strategy,48202749
au,184,1,because,612321946
au,184,2,cause,162187677
au,184,3,authority,116697449
au,184,4,author,99092074
au,184,5,paul,78063298
au,184,6,august,75950243
au,184,7,caused,75022109
au,184,8,causes,69543312
au,184,9,beautiful,68637744
au,184,10,daughter,64124472
au,184,11,beauty,48841623
au,184,12,authorities,46280314
ck,185,1,back,406548203
ck,185,2,black,181542099
ck,185,3,stock,81089976
ck,185,4,lack,74862176
ck,185,5,attack,68207552
ck,185,6,quickly,67282635
ck,185,7,rock,54562355
ck,185,8,check,53673380
ck,185,9,background,47910118
ck,185,10,block,43360201
ck,185,11,thick,37256214
ck,185,12,neck,35691613
ew,186,1,new,1073292865
ew,186,2,few,321537010
ew,186,3,view,213769776
ew,186,4,knew,145643159
ew,186,5,review,102040164
ew,186,6,news,75088462
ew,186,7,somewhat,69242663
ew,186,8,views,59730863
ew,186,9,jewish,55777800
ew,186,10,jews,46670246
ew,186,11,grew,40866628
ew,186,12,interview,37673067
mu,187,1,must,662994536
mu,187,2,much,601262291
mu,187,3,community,162100278
mu,187,4,music,102628158
mu,187,5,communication,72359865
mu,187,6,maximum,56689718
mu,187,7,minimum,45947751
mu,187,8,multiple,45911282
mu,187,9,museum,43016395
mu,187,10,communities,42897617
mu,187,11,muscle,38020671
mu,187,12,communist,34495839
br,188,1,brought,167509544
br,188,2,british,164541425
br,188,3,bring,105435509
br,188,4,library,83724358
br,188,5,brother,77196407
br,188,6,brown,75023376
br,188,7,britain,65825505
br,188,8,february,62666912
br,188,9,brain,59381487
br,188,10,break,53238563
br,188,11,broad,51818891
br,188,12,broken,51748053
bi,189,1,big,99488298
bi,189,2,ability,81500208
bi,189,3,bill,77905466
bi,189,4,responsibility,60772473
bi,189,5,ibid,58856383
bi,189,6,birth,57685653
bi,189,7,possibility,54751196
bi,189,8,bit,53761826
bi,189,9,combination,45760019
bi,189,10,combined,45652734
bi,189,11,bishop,42588641
bi,189,12,birds,38724537
pt,190,1,chapter,263277218
pt,190,2,except,116721782
pt,190,3,kept,102131747
pt,190,4,attempt,85325513
pt,190,5,september,74566913
pt,190,6,concept,73598965
pt,190,7,description,71716121
pt,190,8,accepted,65209499
pt,190,9,accept,58101526
pt,190,10,captain,58049580
pt,190,11,adopted,53907273
pt,190,12,symptoms,44991990
ak,191,1,make,502804979
ak,191,2,take,378659319
ak,191,3,taken,244444700
ak,191,4,making,204240192
ak,191,5,makes,125236883
ak,191,6,taking,119919305
ak,191,7,takes,84145451
ak,191,8,speak,83469645
ak,191,9,speaking,58740614
ak,191,10,lake,56494737
ak,191,11,break,53238563
ak,191,12,weak,39075586
pu,192,1,public,342759195
pu,192,2,put,234694082
pu,192,3,population,143726550
pu,192,4,purpose,139327457
pu,192,5,published,107976995
pu,192,6,popular,80074272
pu,192,7,computer,72150984
pu,192,8,purposes,70367846
pu,192,9,output,63738756
pu,192,10,pure,53373446
pu,192,11,republic,45512010
pu,192,12,publication,41331048
ui,193,1,quite,173456485
ui,193,2,required,157770281
ui,193,3,building,125844801
ui,193,4,built,88977072
ui,193,5,require,68399544
ui,193,6,quickly,67282635
ui,193,7,equipment,64858025
ui,193,8,requires,61891844
ui,193,9,requirements,60035392
ui,193,10,guide,49387650
ui,193,11,build,45266402
ui,193,12,buildings,43891696
rg,194,1,large,342399659
rg,194,2,energy,142518230
rg,194,3,organization,117575520
rg,194,4,george,96604675
rg,194,5,larger,89837443
rg,194,6,charge,80928075
rg,194,7,argument,64366769
rg,194,8,organizations,57029267
rg,194,9,largely,54329890
rg,194,10,organized,45586545
rg,194,11,virginia,40157053
rg,194,12,largest,39215237
ib,195,1,possible,272346265
ib,195,2,described,131540958
ib,195,3,distribution,98801980
ib,195,4,library,83724358
ib,195,5,impossible,69416389
ib,195,6,responsibility,60772473
ib,195,7,responsible,60225845
ib,195,8,ibid,58856383
ib,195,9,possibility,54751196
ib,195,10,describe,47790971
ib,195,11,possibly,46098126
ib,195,12,liberty,41758592
tl,196,1,little,442854872
tl,196,2,directly,90710253
tl,196,3,frequently,81661621
tl,196,4,title,71430817
tl,196,5,battle,65239064
tl,196,6,recently,56016797
tl,196,7,exactly,54905332
tl,196,8,apparently,54311901
tl,196,9,slightly,49008791
tl,196,10,greatly,47054034
tl,196,11,settlement,42141902
tl,196,12,partly,41029655
ny,197,1,any,983649138
ny,197,2,many,732675942
ny,197,3,company,228554181
ny,197,4,anything,125837838
ny,197,5,germany,77889212
ny,197,6,anyone,52719421
ny,197,7,colony,25803265
ny,197,8,testimony,25291884
ny,197,9,tiny,21124843
ny,197,10,deny,20177524
ny,197,11,harmony,19864719
ny,197,12,anyway,18991677
ki,198,1,making,204240192
ki,198,2,king,203072868
ki,198,3,kind,184534482
ki,198,4,working,149602561
ki,198,5,taking,119919305
ki,198,6,looking,104343071
ki,198,7,thinking,85735136
ki,198,8,skin,61261984
ki,198,9,speaking,58740614
ki,198,10,kinds,54492074
ki,198,11,kingdom,54451671
ki,198,12,killed,51036703
rk,199,1,work,621797228
rk,199,2,york,287117910
rk,199,3,working,149602561
rk,199,4,market,146995195
rk,199,5,works,134992496
rk,199,6,workers,107751613
rk,199,7,dark,83668292
rk,199,8,worked,71844417
rk,199,9,mark,64363165
rk,199,10,network,60296197
rk,199,11,marked,57927946
rk,199,12,park,50025256
ys,200,1,system,428655277
ys,200,2,always,289326176
ys,200,3,days,235135424
ys,200,4,analysis,172535798
ys,200,5,systems,143847585
ys,200,6,says,140186080
ys,200,7,physical,125807765
ys,200,8,ways,113283389
ys,200,9,myself,90480990
ys,200,10,boys,58466042
ys,200,11,plays,35487791
ys,200,12,physician,26680397
ob,201,1,problem,207066989
ob,201,2,problems,182033209
ob,201,3,probably,154301146
ob,201,4,object,119195088
ob,201,5,obtained,105602979
ob,201,6,job,100179458
ob,201,7,observed,96654419
ob,201,8,robert,76162406
ob,201,9,october,75987271
ob,201,10,objects,71202828
ob,201,11,obtain,59149618
ob,201,12,obvious,50765830
mm,202,1,common,232507127
mm,202,2,community,162100278
mm,202,3,committee,118868748
mm,202,4,immediately,92279838
mm,202,5,commission,85299537
mm,202,6,command,74409169
mm,202,7,communication,72359865
mm,202,8,summer,71669834
mm,202,9,commercial,63306941
mm,202,10,immediate,53728272
mm,202,11,mm,44843227
mm,202,12,communities,42897617
fu,203,1,further,210653665
fu,203,2,full,197457082
fu,203,3,future,151100623
fu,203,4,function,147417217
fu,203,5,useful,78871232
fu,203,6,functions,76050556
fu,203,7,fully,72304884
fu,203,8,successful,69664268
fu,203,9,beautiful,68637744
fu,203,10,powerful,59473409
fu,203,11,carefully,50418784
fu,203,12,fundamental,48892606
ph,204,1,physical,125807765
ph,204,2,phase,73292544
ph,204,3,philosophy,68932185
ph,204,4,joseph,44179896
ph,204,5,emphasis,41070816
ph,204,6,atmosphere,34654170
ph,204,7,philadelphia,32089662
ph,204,8,telephone,32006278
ph,204,9,phone,31061391
ph,204,10,phenomena,29252468
ph,204,11,phenomenon,28180781
ph,204,12,phrase,27484220
og,205,1,together,202762516
og,205,2,program,144947729
og,205,3,progress,77622452
og,205,4,programs,75509847
og,205,5,technology,74134226
og,205,6,recognized,52054489
og,205,7,psychology,44607456
og,205,8,psychological,43473392
og,205,9,recognition,42129847
og,205,10,dog,39834624
og,205,11,recognize,35347311
og,205,12,logic,32859550
ms,206,1,himself,311869400
ms,206,2,themselves,216975281
ms,206,3,terms,183434872
ms,206,4,problems,182033209
ms,206,5,seems,158520801
ms,206,6,systems,143847585
ms,206,7,forms,136468034
ms,206,8,circumstances,82859794
ms,206,9,arms,80956755
ms,206,10,programs,75509847
ms,206,11,claims,53166860
ms,206,12,items,50843917
ye,207,1,years,563247544
ye,207,2,year,377400785
ye,207,3,yet,298106656
ye,207,4,eyes,172228666
ye,207,5,yes,96899883
ye,207,6,eye,82308670
ye,207,7,employed,70975469
ye,207,8,played,51444945
ye,207,9,employees,50221274
ye,207,10,layer,43318510
ye,207,11,yellow,43313338
ye,207,12,prayer,36923132
ud,208,1,study,251146114
ud,208,2,studies,159772512
ud,208,3,students,154638455
ud,208,4,including,153800374
ud,208,5,include,113661157
ud,208,6,included,87961423
ud,208,7,student,81078065
ud,208,8,judge,63704000
ud,208,9,judgment,62468378
ud,208,10,suddenly,58025537
ud,208,11,includes,54737180
ud,208,12,attitude,54217753
mb,209,1,number,421670920
mb,209,2,members,190942415
mb,209,3,member,102879701
mb,209,4,numbers,86377548
mb,209,5,remember,80168659
mb,209,6,september,74566913
mb,209,7,december,74262603
mb,209,8,november,68507059
mb,209,9,assembly,52014340
mb,209,10,cambridge,50069839
mb,209,11,combination,45760019
mb,209,12,combined,45652734
ip,210,1,relationship,115960669
ip,210,2,principle,92207363
ip,210,3,principles,90657731
ip,210,4,description,71716121
ip,210,5,principal,70383823
ip,210,6,equipment,64858025
ip,210,7,ship,60998012
ip,210,8,relationships,57294609
ip,210,9,leadership,46477353
ip,210,10,multiple,45911282
ip,210,11,ships,40502437
ip,210,12,participation,37850164
ub,211,1,public,342759195
ub,211,2,subject,207720288
ub,211,3,published,107976995
ub,211,4,doubt,86837636
ub,211,5,subjects,72417020
ub,211,6,double,60894167
ub,211,7,trouble,49989978
ub,211,8,republic,45512010
ub,211,9,subsequent,45054171
ub,211,10,substance,43655267
ub,211,11,publication,41331048
ub,211,12,club,39030470
oi,212,1,point,333858038
oi,212,2,going,207111364
oi,212,3,points,115158315
oi,212,4,doing,109588230
oi,212,5,voice,105822860
oi,212,6,oil,94078195
oi,212,7,choice,78633933
oi,212,8,soil,71250643
oi,212,9,avoid,60713817
oi,212,10,joint,56586193
oi,212,11,appointed,49781170
oi,212,12,pointed,49433730
rl,213,1,world,505870068
rl,213,2,early,262989441
rl,213,3,particularly,121435155
rl,213,4,earlier,102977377
rl,213,5,clearly,97843943
rl,213,6,nearly,97223334
rl,213,7,charles,84830217
rl,213,8,girl,75288361
rl,213,9,girls,55618263
rl,213,10,parliament,50072826
rl,213,11,properly,39744589
rl,213,12,fairly,38802658
gu,214,1,figure,273002399
gu,214,2,language,180585791
gu,214,3,august,75950243
gu,214,4,figures,72916620
gu,214,5,argument,64366769
gu,214,6,regular,56846646
gu,214,7,guide,49387650
gu,214,8,distinguished,39048756
gu,214,9,regulations,37055824
gu,214,10,regulation,36136309
gu,214,11,argued,35414701
gu,214,12,begun,33448079
dr,215,1,children,336723802
dr,215,2,hundred,114288698
dr,215,3,address,68024298
dr,215,4,drawn,64897953
dr,215,5,dry,56573384
dr,215,6,drug,50643230
dr,215,7,drive,50557448
dr,215,8,drawing,46624405
dr,215,9,draw,45968756
dr,215,10,dream,38843330
dr,215,11,drugs,35996062
dr,215,12,drop,35273150
hr,216,1,through,647091198
hr,216,2,three,487787199
hr,216,3,christian,102337125
hr,216,4,throughout,96182381
hr,216,5,christ,95948428
hr,216,6,christianity,30190177
hr,216,7,threat,28788554
hr,216,8,christians,28521242
hr,216,9,chronic,27677747
hr,216,10,phrase,27484220
hr,216,11,thrown,26054292
hr,216,12,throw,23746663
cc,217,1,according,178815411
cc,217,2,account,162780963
cc,217,3,success,93383234
cc,217,4,occur,79479712
cc,217,5,access,70273491
cc,217,6,successful,69664268
cc,217,7,accepted,65209499
cc,217,8,occurs,60130691
cc,217,9,accept,58101526
cc,217,10,occurred,52908644
cc,217,11,occasion,51973402
cc,217,12,accounts,50003184
tw,218,1,two,1034082956
tw,218,2,between,744064796
tw,218,3,twenty,119057697
tw,218,4,network,60296197
tw,218,5,twelve,45408778
tw,218,6,twice,36389658
tw,218,7,software,34239916
tw,218,8,networks,22753122
tw,218,9,twentieth,22490243
tw,218,10,notwithstanding,17282107
tw,218,11,outward,13737679
tw,218,12,twin,9301785
ft,219,1,after,802220137
ft,219,2,often,325385700
ft,219,3,left,306802162
ft,219,4,fifty,47736764
ft,219,5,soft,44445491
ft,219,6,afterwards,40203907
ft,219,7,fifth,36788809
ft,219,8,afternoon,35038656
ft,219,9,shift,34815041
ft,219,10,software,34239916
ft,219,11,fifteen,33467697
ft,219,12,gift,31714744
wn,220,1,own,524268424
wn,220,2,down,422555509
wn,220,3,known,242748318
wn,220,4,shown,164618363
wn,220,5,town,128248209
wn,220,6,brown,75023376
wn,220,7,drawn,64897953
wn,220,8,crown,41604115
wn,220,9,unknown,40948477
wn,220,10,grown,38488707
wn,220,11,owner,38006556
wn,220,12,towns,35442693
nu,221,1,number,421670920
nu,221,2,continued,123662279
nu,221,3,numbers,86377548
nu,221,4,minutes,81117083
nu,221,5,january,77148384
nu,221,6,continue,72786692
nu,221,7,annual,66566187
nu,221,8,numerous,59170232
nu,221,9,minute,44151006
nu,221,10,nuclear,40670112
nu,221,11,continuous,37843432
nu,221,12,revenue,34609143
af,222,1,after,802220137
af,222,2,staff,77708958
af,222,3,affairs,68716682
af,222,4,africa,67945763
af,222,5,african,62023623
af,222,6,affected,52197554
af,222,7,safety,50958691
af,222,8,affect,44051003
af,222,9,safe,42324033
af,222,10,afterwards,40203907
af,222,11,afternoon,35038656
af,222,12,afraid,33286929
hu,223,1,thus,352803269
hu,223,2,human,279027691
hu,223,3,church,228296650
hu,223,4,hundred,114288698
hu,223,5,husband,74612454
hu,223,6,churches,35069579
hu,223,7,huge,32885590
hu,223,8,arthur,26797985
hu,223,9,massachusetts,24982048
hu,223,10,humanity,24337098
hu,223,11,hundreds,24247479
hu,223,12,hurt,23688898
nn,224,1,beginning,114330225
nn,224,2,manner,114272160
nn,224,3,planning,76437277
nn,224,4,connection,67589468
nn,224,5,annual,66566187
nn,224,6,running,60367634
nn,224,7,connected,53595524
nn,224,8,inner,44668216
nn,224,9,dinner,36739600
nn,224,10,personnel,34510595
nn,224,11,channel,34173998
nn,224,12,planned,29869157
eo,225,1,people,658716166
eo,225,2,theory,168319212
eo,225,3,george,96604675
eo,225,4,someone,69306780
eo,225,5,moreover,57580480
eo,225,6,theoretical,36201869
eo,225,7,theories,35246058
eo,225,8,peoples,26408427
eo,225,9,theology,22759656
eo,225,10,thereof,22315098
eo,225,11,simultaneously,21892003
eo,225,12,video,19194893
vo,226,1,vol,110098926
vo,226,2,involved,106252318
vo,226,3,voice,105822860
vo,226,4,volume,102231218
vo,226,5,revolution,68999580
vo,226,6,avoid,60713817
vo,226,7,von,43697723
vo,226,8,vote,38825455
vo,226,9,evolution,38753951
vo,226,10,involves,34963051
vo,226,11,favor,33056700
vo,226,12,devoted,31462187
rv,227,1,service,214015710
rv,227,2,services,138796737
rv,227,3,observed,96654419
rv,227,4,serve,67412909
rv,227,5,served,59581886
rv,227,6,survey,56062675
rv,227,7,observations,43301782
rv,227,8,observation,41311239
rv,227,9,curve,39528834
rv,227,10,interview,37673067
rv,227,11,nerve,32996075
rv,227,12,observe,30190962
nf,228,1,information,285127664
nf,228,2,influence,139632645
nf,228,3,conference,64052525
nf,228,4,conflict,62738701
nf,228,5,confidence,46039551
nf,228,6,informed,34787210
nf,228,7,infection,31129653
nf,228,8,unfortunately,28512689
nf,228,9,influenced,27485755
nf,228,10,confusion,26766526
nf,228,11,infant,24901850
nf,228,12,confirmed,24716985
xp,229,1,experience,182659383
xp,229,2,expected,97832275
xp,229,3,expression,90569415
xp,229,4,expressed,70616426
xp,229,5,explain,61797995
xp,229,6,explained,53735335
xp,229,7,expect,50284219
xp,229,8,express,49344208
xp,229,9,experiences,46697064
xp,229,10,experimental,46456700
xp,229,11,explanation,45534202
xp,229,12,experiments,44913370
gn,230,1,foreign,155858655
gn,230,2,design,117049361
gn,230,3,significant,101999263
gn,230,4,designed,62500143
gn,230,5,sign,56562400
gn,230,6,recognized,52054489
gn,230,7,significance,46613726
gn,230,8,signs,44832610
gn,230,9,signal,44417643
gn,230,10,campaign,43943080
gn,230,11,recognition,42129847
gn,230,12,recognize,35347311
sm,231,1,small,350484848
sm,231,2,smith,64298764
sm,231,3,smaller,58778292
sm,231,4,assessment,45934634
sm,231,5,criticism,39452326
sm,231,6,mechanism,36170503
sm,231,7,smile,32358171
sm,231,8,smooth,26196438
sm,231,9,mechanisms,26057674
sm,231,10,transmission,25851255
sm,231,11,smiled,24018331
sm,231,12,smoke,23159665
fl,232,1,influence,139632645
fl,232,2,flow,85584876
fl,232,3,floor,64500064
fl,232,4,conflict,62738701
fl,232,5,flat,38209305
fl,232,6,flowers,37815478
fl,232,7,fluid,37084285
fl,232,8,flight,32091204
fl,232,9,reflected,31058582
fl,232,10,reflect,30472161
fl,232,11,influenced,27485755
fl,232,12,reflection,26110365
iz,233,1,size,131691612
iz,233,2,organization,117575520
iz,233,3,organizations,57029267
iz,233,4,recognized,52054489
iz,233,5,citizens,49540107
iz,233,6,organized,45586545
iz,233,7,realized,36983195
iz,233,8,recognize,35347311
iz,233,9,elizabeth,31846827
iz,233,10,realize,28686011
iz,233,11,characterized,27281239
iz,233,12,horizontal,25457714
ok,234,1,book,244679041
ok,234,2,took,224536350
ok,234,3,look,197095972
ok,234,4,looked,137482513
ok,234,5,books,128685076
ok,234,6,looking,104343071
ok,234,7,broken,51748053
ok,234,8,spoke,48762095
ok,234,9,looks,41153467
ok,234,10,broke,31638358
ok,234,11,spoken,30374054
ok,234,12,cook,23259552
nl,235,1,only,1135235700
nl,235,2,certainly,92207776
nl,235,3,unless,81484257
nl,235,4,suddenly,58025537
nl,235,5,mainly,43021487
nl,235,6,commonly,39948274
nl,235,7,unlike,33037605
nl,235,8,unlikely,17012450
nl,235,9,online,15000641
nl,235,10,enlarged,13026082
nl,235,11,openly,12461596
nl,235,12,stanley,11161200
my,236,1,my,1082298016
my,236,2,army,123310034
my,236,3,myself,90480990
my,236,4,economy,78392321
my,236,5,enemy,63490658
my,236,6,academy,25388585
my,236,7,mystery,19086037
my,236,8,myth,16553290
my,236,9,autonomy,14429866
my,236,10,mysterious,13566099
my,236,11,anatomy,10662931
my,236,12,myths,8047310
gl,237,1,english,195298116
gl,237,2,single,163205541
gl,237,3,england,153296679
gl,237,4,glass,64025067
gl,237,5,struggle,50796822
gl,237,6,strongly,40573100
gl,237,7,global,40103211
gl,237,8,angle,39229069
gl,237,9,increasingly,33606359
gl,237,10,accordingly,30899713
gl,237,11,glory,29640696
gl,237,12,glad,27019084
aw,238,1,law,338265440
aw,238,2,away,243726011
aw,238,3,saw,161350792
aw,238,4,laws,104226443
aw,238,5,drawn,64897953
aw,238,6,aware,51535555
aw,238,7,drawing,46624405
aw,238,8,draw,45968756
aw,238,9,raw,26924016
aw,238,10,awareness,24692893
aw,238,11,lawyer,21493788
aw,238,12,lawrence,20579681
ju,239,1,just,454162727
ju,239,2,june,99367805
ju,239,3,july,91750068
ju,239,4,justice,90057247
ju,239,5,judge,63704000
ju,239,6,judgment,62468378
ju,239,7,injury,35838064
ju,239,8,jurisdiction,28821586
ju,239,9,judicial,25321201
ju,239,10,judges,24677643
ju,239,11,adjustment,23679437
ju,239,12,jury,22493404
oa,240,1,approach,125032805
oa,240,2,board,117325679
oa,240,3,road,103446400
oa,240,4,coast,54258062
oa,240,5,broad,51818891
oa,240,6,goal,44303157
oa,240,7,goals,39150325
oa,240,8,load,39073353
oa,240,9,coal,38181926
oa,240,10,boat,37580980
oa,240,11,approaches,34523481
oa,240,12,abroad,27417189
eq,241,1,required,157770281
eq,241,2,equal,103238744
eq,241,3,frequently,81661621
eq,241,4,require,68399544
eq,241,5,equipment,64858025
eq,241,6,requires,61891844
eq,241,7,requirements,60035392
eq,241,8,frequency,57939798
eq,241,9,equation,54841869
eq,241,10,equally,54190221
eq,241,11,subsequent,45054171
eq,241,12,consequence,43581859
sy,242,1,system,428655277
sy,242,2,systems,143847585
sy,242,3,easy,80893690
sy,242,4,symptoms,44991990
sy,242,5,psychology,44607456
sy,242,6,psychological,43473392
sy,242,7,pennsylvania,25634739
sy,242,8,symbol,25014244
sy,242,9,busy,23588291
sy,242,10,syndrome,22968560
sy,242,11,synthesis,21635138
sy,242,12,sympathy,21326268
sl,243,1,island,78815401
sl,243,2,sleep,50888533
sl,243,3,previously,50453707
sl,243,4,slowly,49984533
sl,243,5,slightly,49008791
sl,243,6,slow,43858116
sl,243,7,obviously,39656429
sl,243,8,islands,38272534
sl,243,9,legislation,38089676
sl,243,10,translation,33248866
sl,243,11,slave,30911620
sl,243,12,slight,30622746
ps,244,1,perhaps,192537809
ps,244,2,groups,159418843
ps,244,3,steps,59851144
ps,244,4,relationships,57294609
ps,244,5,troops,54752906
ps,244,6,psychology,44607456
ps,244,7,psychological,43473392
ps,244,8,ships,40502437
ps,244,9,lips,28818837
ps,244,10,corps,23497049
ps,244,11,crops,22389614
ps,244,12,helps,21796407
jo,245,1,john,235323655
jo,245,2,major,168841614
jo,245,3,journal,107491373
jo,245,4,job,100179458
jo,245,5,majority,70452760
jo,245,6,joint,56586193
jo,245,7,joseph,44179896
jo,245,8,johnson,41907304
jo,245,9,joined,41895639
jo,245,10,journey,36673282
jo,245,11,join,36090222
jo,245,12,jobs,34143502
lf,246,1,himself,311869400
lf,246,2,itself,223352412
lf,246,3,self,209487136
lf,246,4,half,197368932
lf,246,5,myself,90480990
lf,246,6,herself,80318677
lf,246,7,yourself,51542943
lf,246,8,welfare,43102762
lf,246,9,behalf,23201525
lf,246,10,gulf,18059317
lf,246,11,alfred,14339695
lf,246,12,wolf,12029787
nv,247,1,involved,106252318
nv,247,2,environment,84401739
nv,247,3,investment,63499936
nv,247,4,environmental,53172668
nv,247,5,convention,44870641
nv,247,6,conversation,40544060
nv,247,7,investigation,39836878
nv,247,8,involves,34963051
nv,247,9,involving,30858764
nv,247,10,conventional,28354523
nv,247,11,involve,27348106
nv,247,12,convinced,26404508
je,248,1,subject,207720288
je,248,2,object,119195088
je,248,3,project,96234298
je,248,4,jesus,78352447
je,248,5,subjects,72417020
je,248,6,objects,71202828
je,248,7,jewish,55777800
je,248,8,jews,46670246
je,248,9,objective,45014526
je,248,10,projects,42549528
je,248,11,objectives,31605165
je,248,12,majesty,28498992
nk,249,1,think,282298331
nk,249,2,bank,107713584
nk,249,3,thinking,85735136
nk,249,4,banks,48921307
nk,249,5,unknown,40948477
nk,249,6,frank,34023929
nk,249,7,drink,33706355
nk,249,8,thank,32642462
nk,249,9,rank,32214611
nk,249,10,link,30850001
nk,249,11,thanks,29035754
nk,249,12,linked,26375610
kn,250,1,know,405542218
kn,250,2,known,242748318
kn,250,3,knowledge,185412728
kn,250,4,knew,145643159
kn,250,5,knows,50729807
kn,250,6,unknown,40948477
kn,250,7,knowing,39246879
kn,250,8,darkness,27150450
kn,250,9,thickness,21321401
kn,250,10,weakness,20704880
kn,250,11,acknowledged,17422889
kn,250,12,knife,15597633
gs,251,1,things,261491585
gs,251,2,feelings,54596265
gs,251,3,buildings,43891696
gs,251,4,proceedings,40038684
gs,251,5,drugs,35996062
gs,251,6,meetings,33056121
gs,251,7,findings,32790175
gs,251,8,legs,32292364
gs,251,9,beings,30513714
gs,251,10,writings,28853183
gs,251,11,brings,25887852
gs,251,12,kings,25212587
dy,252,1,body,251658904
dy,252,2,study,251146114
dy,252,3,already,198197475
dy,252,4,ready,79609735
dy,252,5,lady,70866011
dy,252,6,dynamic,27827595
dy,252,7,steady,24215064
dy,252,8,nobody,23565648
dy,252,9,everybody,23112928
dy,252,10,dying,22424339
dy,252,11,studying,19754110
dy,252,12,dynamics,17415934
hy,253,1,why,230806163
hy,253,2,physical,125807765
hy,253,3,philosophy,68932185
hy,253,4,thy,42411652
hy,253,5,hypothesis,29151858
hy,253,6,physician,26680397
hy,253,7,worthy,25860589
hy,253,8,healthy,25667400
hy,253,9,hydrogen,23324672
hy,253,10,sympathy,21326268
hy,253,11,physics,19935400
hy,253,12,bibliography,17457049
ze,254,1,size,131691612
ze,254,2,recognized,52054489
ze,254,3,citizens,49540107
ze,254,4,organized,45586545
ze,254,5,realized,36983195
ze,254,6,recognize,35347311
ze,254,7,zero,34748076
ze,254,8,realize,28686011
ze,254,9,characterized,27281239
ze,254,10,citizen,22308812
ze,254,11,dozen,20456803
ze,254,12,seized,17826214
ks,255,1,works,134992496
ks,255,2,books,128685076
ks,255,3,weeks,67337561
ks,255,4,banks,48921307
ks,255,5,looks,41153467
ks,255,6,rocks,32246632
ks,255,7,tasks,30566751
ks,255,8,thanks,29035754
ks,255,9,marks,28620422
ks,255,10,remarks,27185141
ks,255,11,attacks,25053607
ks,255,12,jackson,24495153
xt,256,1,next,219433560
xt,256,2,text,99367890
xt,256,3,extent,97114220
xt,256,4,context,66145330
xt,256,5,external,63895944
xt,256,6,extended,51285992
xt,256,7,extremely,47178403
xt,256,8,extreme,41755427
xt,256,9,extensive,41577297
xt,256,10,extension,36358010
xt,256,11,extra,33362107
xt,256,12,mixture,30638389
bs,257,1,observed,96654419
bs,257,2,absence,54655294
bs,257,3,absolute,46857273
bs,257,4,subsequent,45054171
bs,257,5,substance,43655267
bs,257,6,observations,43301782
bs,257,7,observation,41311239
bs,257,8,substantial,36245541
bs,257,9,jobs,34143502
bs,257,10,observe,30190962
bs,257,11,absolutely,29772528
bs,257,12,abstract,29297265
ik,258,1,like,709849832
ik,258,2,likely,120758940
ik,258,3,unlike,33037605
ik,258,4,strike,32955016
ik,258,5,striking,28309469
ik,258,6,likewise,28000692
ik,258,7,liked,24206558
ik,258,8,alike,19941320
ik,258,9,unlikely,17012450
ik,258,10,strikes,13016232
ik,258,11,likelihood,11220952
ik,258,12,mike,10668194
dd,259,1,middle,124608043
dd,259,2,addition,115111424
dd,259,3,added,104772904
dd,259,4,additional,77664573
dd,259,5,add,71846370
dd,259,6,address,68024298
dd,259,7,suddenly,58025537
dd,259,8,sudden,31785129
dd,259,9,addressed,29903585
dd,259,10,adding,26385210
dd,259,11,hidden,26007267
dd,259,12,odd,17197822
cy,260,1,policy,191429651
cy,260,2,frequency,57939798
cy,260,3,agency,49300440
cy,260,4,tendency,40456094
cy,260,5,cycle,40130390
cy,260,6,efficiency,38620656
cy,260,7,democracy,37389968
cy,260,8,accuracy,23609419
cy,260,9,emergency,23210944
cy,260,10,currency,21504300
cy,260,11,pregnancy,20076309
cy,260,12,mercy,18932721
rp,261,1,purpose,139327457
rp,261,2,purposes,70367846
rp,261,3,corporation,57050250
rp,261,4,interpretation,54221131
rp,261,5,sharp,35123187
rp,261,6,corporate,33480974
rp,261,7,enterprise,33088090
rp,261,8,surprise,28212787
rp,261,9,surprised,24165108
rp,261,10,corps,23497049
rp,261,11,absorption,22901918
rp,261,12,interpreted,20766438
sk,262,1,asked,173745399
sk,262,2,ask,92326874
sk,262,3,risk,88332946
sk,262,4,task,77779959
sk,262,5,skin,61261984
sk,262,6,skills,49232238
sk,262,7,sky,34497044
sk,262,8,skill,32903336
sk,262,9,tasks,30566751
sk,262,10,asking,30410164
sk,262,11,desk,19701485
sk,262,12,risks,18794732
xi,263,1,existence,89086621
xi,263,2,existing,62595784
xi,263,3,exist,60331721
xi,263,4,maximum,56689718
xi,263,5,mexico,46511393
xi,263,6,approximately,43392984
xi,263,7,exists,40466775
xi,263,8,anxiety,30563269
xi,263,9,axis,29993153
xi,263,10,existed,27804709
xi,263,11,mexican,23258321
xi,263,12,anxious,23222376
oe,264,1,does,426675356
oe,264,2,goes,63818616
oe,264,3,poetry,47129655
oe,264,4,poet,40862799
oe,264,5,poem,35076532
oe,264,6,poems,29345654
oe,264,7,coefficient,19526107
oe,264,8,joe,18957127
oe,264,9,poets,18098603
oe,264,10,shoes,17745203
oe,264,11,negroes,14185933
oe,264,12,coefficients,13231275
oy,265,1,boy,77220366
oy,265,2,employed,70975469
oy,265,3,employment,68561659
oy,265,4,royal,66531300
oy,265,5,boys,58466042
oy,265,6,employees,50221274
oy,265,7,joy,33814519
oy,265,8,destroyed,33189418
oy,265,9,enjoy,32845122
oy,265,10,employee,31739955
oy,265,11,enjoyed,27459389
oy,265,12,employer,24205615
ws,266,1,shows,113416183
ws,266,2,laws,104226443
ws,266,3,follows,85545433
ws,266,4,news,75088462
ws,266,5,views,59730863
ws,266,6,knows,50729807
ws,266,7,jews,46670246
ws,266,8,windows,41200193
ws,266,9,allows,36236343
ws,266,10,newspaper,30697614
ws,266,11,newspapers,23801203
ws,266,12,flows,20652698
lv,267,1,themselves,216975281
lv,267,2,involved,106252318
lv,267,3,silver,48934834
lv,267,4,ourselves,46441342
lv,267,5,twelve,45408778
lv,267,6,involves,34963051
lv,267,7,involving,30858764
lv,267,8,involve,27348106
lv,267,9,pennsylvania,25634739
lv,267,10,involvement,25097652
lv,267,11,resolved,24746994
lv,267,12,solve,19977322
dl,268,1,middle,124608043
dl,268,2,hardly,55618153
dl,268,3,rapidly,47062588
dl,268,4,handle,27054026
dl,268,5,friendly,25738645
dl,268,6,handling,21691975
dl,268,7,undoubtedly,21068607
dl,268,8,regardless,19833794
dl,268,9,badly,15561385
dl,268,10,repeatedly,14479038
dl,268,11,handled,13497518
dl,268,12,secondly,13033580
rf,269,1,surface,145677703
rf,269,2,performance,103654915
rf,269,3,powerful,59473409
rf,269,4,perfect,58282715
rf,269,5,performed,54898930
rf,269,6,perform,40187395
rf,269,7,perfectly,33958946
rf,269,8,wonderful,28846897
rf,269,9,surfaces,22124950
rf,269,10,interface,20151745
rf,269,11,interference,17990483
rf,269,12,performing,16838917
eu,270,1,europe,104380168
eu,270,2,european,94407549
eu,270,3,museum,43016395
eu,270,4,lieutenant,23185833
eu,270,5,neutral,20712107
eu,270,6,nucleus,16587465
eu,270,7,freud,14241150
eu,270,8,therapeutic,13875064
eu,270,9,petroleum,12043734
eu,270,10,europeans,10989418
eu,270,11,eu,10920599
eu,270,12,neural,9165203
dg,271,1,knowledge,185412728
dg,271,2,judge,63704000
dg,271,3,judgment,62468378
dg,271,4,cambridge,50069839
dg,271,5,edge,48227636
dg,271,6,bridge,39831935
dg,271,7,budget,32746122
dg,271,8,judges,24677643
dg,271,9,acknowledged,17422889
dg,271,10,edges,16322057
dg,271,11,ridge,15560675
dg,271,12,acknowledge,15172640
wr,272,1,written,134806145
wr,272,2,writing,112154899
wr,272,3,wrote,101295092
wr,272,4,write,87398762
wr,272,5,wrong,68462528
wr,272,6,writer,50916508
wr,272,7,writers,46728181
wr,272,8,writings,28853183
wr,272,9,writes,26811260
wr,272,10,lawrence,20579681
wr,272,11,wright,15192862
wr,272,12,wrapped,10361731
xa,273,1,example,313505718
xa,273,2,examples,68415550
xa,273,3,examination,56013819
xa,273,4,exactly,54905332
xa,273,5,examined,34888487
xa,273,6,texas,33372633
xa,273,7,examine,32815558
xa,273,8,alexander,31583394
xa,273,9,exact,30097041
xa,273,10,taxation,17095393
xa,273,11,examining,14313131
xa,273,12,relaxation,11347304
yi,274,1,trying,71151809
yi,274,2,saying,70213724
yi,274,3,carrying,42230650
yi,274,4,playing,37907905
yi,274,5,yield,37765055
yi,274,6,lying,32572530
yi,274,7,underlying,26226076
yi,274,8,varying,23344537
yi,274,9,dying,22424339
yi,274,10,paying,21831535
yi,274,11,flying,21549430
yi,274,12,applying,19789125
nm,275,1,government,390643826
nm,275,2,environment,84401739
nm,275,3,environmental,53172668
nm,275,4,governments,38437435
nm,275,5,assignment,16182168
nm,275,6,governmental,15026007
nm,275,7,entertainment,13815008
nm,275,8,environments,12752069
nm,275,9,denmark,10137014
nm,275,10,imprisonment,9943746
nm,275,11,nm,9590509
nm,275,12,enlightenment,8730145
eb,276,1,february,62666912
eb,276,2,debt,39051863
eb,276,3,web,38779130
eb,276,4,thereby,34369860
eb,276,5,debate,32388516
eb,276,6,celebrated,19062217
eb,276,7,hebrew,16070753
eb,276,8,somebody,15580601
eb,276,9,rebellion,15474131
eb,276,10,whereby,14368805
eb,276,11,debts,13216334
eb,276,12,cerebral,12714343
rb,277,1,urban,55345225
rb,277,2,carbon,34189551
rb,277,3,verbal,19611254
rb,277,4,absorbed,17503227
rb,277,5,nearby,15968958
rb,277,6,arbitrary,15962852
rb,277,7,verb,14996550
rb,277,8,disturbed,13930016
rb,277,9,herbert,13833690
rb,277,10,harbor,13671732
rb,277,11,marble,12492936
rb,277,12,barbara,12342927
tm,278,1,treatment,144883050
tm,278,2,department,121167286
tm,278,3,investment,63499936
tm,278,4,atmosphere,34654170
tm,278,5,commitment,25410795
tm,278,6,appointment,24310562
tm,278,7,adjustment,23679437
tm,278,8,departments,23088517
tm,278,9,christmas,21395110
tm,278,10,apartment,17993625
tm,278,11,investments,16126617
tm,278,12,utmost,12965420
xc,279,1,except,116721782
xc,279,2,exchange,76398427
xc,279,3,excellent,47045266
xc,279,4,exception,35691878
xc,279,5,excess,32097688
xc,279,6,excessive,21856977
xc,279,7,excited,19662977
xc,279,8,exclusive,19522797
xc,279,9,exclusively,19359297
xc,279,10,excitement,18024216
xc,279,11,excluded,16736661
xc,279,12,exceptions,16652258
eh,280,1,behind,120225593
eh,280,2,behavior,104177552
eh,280,3,household,34254146
eh,280,4,behaviour,34250399
eh,280,5,comprehensive,26249322
eh,280,6,behalf,23201525
eh,280,7,vehicle,22705008
eh,280,8,somehow,21487642
eh,280,9,behavioral,16948461
eh,280,10,behaviors,15242414
eh,280,11,vehicles,14650260
eh,280,12,households,14221177
tc,281,1,watch,42950958
tc,281,2,watched,28617145
tc,281,3,dutch,28391120
tc,281,4,kitchen,26806547
tc,281,5,outcome,26582612
tc,281,6,watching,26455025
tc,281,7,catch,24966916
tc,281,8,match,23369368
tc,281,9,outcomes,16045553
tc,281,10,switch,15960882
tc,281,11,pitch,15236647
tc,281,12,sketch,14525242
gy,282,1,energy,142518230
gy,282,2,technology,74134226
gy,282,3,strategy,48202749
gy,282,4,psychology,44607456
gy,282,5,egypt,31417662
gy,282,6,theology,22759656
gy,282,7,ideology,17457576
gy,282,8,clergy,16759460
gy,282,9,egyptian,16056382
gy,282,10,sociology,15350795
gy,282,11,biology,14559958
gy,282,12,analogy,12359343
ja,283,1,james,102601697
ja,283,2,january,77148384
ja,283,3,japanese,65199997
ja,283,4,japan,63378888
ja,283,5,jack,31435774
ja,283,6,jackson,24495153
ja,283,7,adjacent,18539263
ja,283,8,jane,18265982
ja,283,9,benjamin,14889013
ja,283,10,jacob,14527886
ja,283,11,jail,10568991
ja,283,12,jan,10317118
hn,284,1,john,235323655
hn,284,2,technology,74134226
hn,284,3,technical,60608738
hn,284,4,techniques,56278415
hn,284,5,technique,46320076
hn,284,6,johnson,41907304
hn,284,7,ethnic,27566048
hn,284,8,technological,19279850
hn,284,9,technologies,15588498
hn,284,10,johnny,6739582
hn,284,11,johnston,6360265
hn,284,12,johns,6261860
yp,285,1,type,200474855
yp,285,2,types,102702549
yp,285,3,typical,49958657
yp,285,4,egypt,31417662
yp,285,5,hypothesis,29151858
yp,285,6,typically,28414532
yp,285,7,egyptian,16056382
yp,285,8,hypotheses,9646674
yp,285,9,hypertension,7600633
yp,285,10,hypothetical,6602121
yp,285,11,prototype,5521167
yp,285,12,egyptians,5114484
za,286,1,organization,117575520
za,286,2,organizations,57029267
za,286,3,elizabeth,31846827
za,286,4,civilization,25184213
za,286,5,organizational,24127250
za,286,6,realization,12769357
za,286,7,utilization,10875483
za,286,8,hazard,8564140
za,286,9,characterization,8138058
za,286,10,hazardous,7296518
za,286,11,reorganization,6679151
za,286,12,hazards,6668089
gg,287,1,suggested,72555131
gg,287,2,suggest,53090345
gg,287,3,struggle,50796822
gg,287,4,suggests,47891970
gg,287,5,eggs,24149191
gg,287,6,suggestion,22533535
gg,287,7,suggestions,19517447
gg,287,8,egg,18463649
gg,287,9,aggressive,14977460
gg,287,10,aggregate,14940236
gg,287,11,suggesting,14379154
gg,287,12,aggression,12486747
ym,288,1,employment,68561659
ym,288,2,symptoms,44991990
ym,288,3,payment,44257198
ym,288,4,payments,27519094
ym,288,5,symbol,25014244
ym,288,6,sympathy,21326268
ym,288,7,symbols,21321275
ym,288,8,unemployment,20698342
ym,288,9,symbolic,17676829
ym,288,10,enzyme,14713064
ym,288,11,sympathetic,13930976
ym,288,12,enjoyment,11288558
sw,289,1,answer,109738829
sw,289,2,answered,42914128
sw,289,3,sweet,33768721
sw,289,4,answers,31127642
sw,289,5,sword,19823764
sw,289,6,switch,15960882
sw,289,7,sweden,15025343
sw,289,8,swept,13057003
sw,289,9,swift,12544591
sw,289,10,switzerland,11581020
sw,289,11,swimming,10667698
sw,289,12,swedish,10287968
bj,290,1,subject,207720288
bj,290,2,object,119195088
bj,290,3,subjects,72417020
bj,290,4,objects,71202828
bj,290,5,objective,45014526
bj,290,6,objectives,31605165
bj,290,7,subjected,15978024
bj,290,8,objection,15955229
bj,290,9,subjective,15167365
bj,290,10,objections,11952401
bj,290,11,objected,7073909
bj,290,12,objectivity,4427473
lm,291,1,almost,222456557
lm,291,2,film,62259212
lm,291,3,films,24359017
lm,291,4,calm,19291549
lm,291,5,realm,17783898
lm,291,6,pulmonary,14885944
lm,291,7,palm,14093689
lm,291,8,overwhelming,10467458
lm,291,9,salmon,8602744
lm,291,10,holmes,8265041
lm,291,11,palmer,6717666
lm,291,12,fulfillment,6283274
cs,292,1,politics,74316154
cs,292,2,characteristics,65577627
cs,292,3,statistics,33106825
cs,292,4,economics,30716266
cs,292,5,critics,22310718
cs,292,6,ethics,21353846
cs,292,7,physics,19935400
cs,292,8,mathematics,19876288
cs,292,9,topics,18592343
cs,292,10,dynamics,17415934
cs,292,11,catholics,13065434
cs,292,12,mechanics,12969127
ii,293,1,ii,211760644
ii,293,2,iii,98208308
ii,293,3,vii,30454969
ii,293,4,viii,25399286
ii,293,5,xii,14019664
ii,293,6,xiii,12355042
ii,293,7,xvii,7362503
ii,293,8,hawaii,7104495
ii,293,9,xviii,7102035
ii,293,10,xxii,4430190
ii,293,11,xxiii,4222034
ii,293,12,hawaiian,3334253
ix,294,1,six,144460042
ix,294,2,fixed,70927704
ix,294,3,mixed,40257312
ix,294,4,appendix,32618696
ix,294,5,mixture,30638389
ix,294,6,matrix,27419064
ix,294,7,sixty,24210574
ix,294,8,sixth,21718800
ix,294,9,ix,19538338
ix,294,10,mix,17385901
ix,294,11,sixteen,16147964
ix,294,12,fix,13932019
xe,295,1,exercise,72067303
xe,295,2,fixed,70927704
xe,295,3,executive,46201381
xe,295,4,mixed,40257312
xe,295,5,taxes,37820510
xe,295,6,execution,27338980
xe,295,7,exercises,20788543
xe,295,8,executed,19922348
xe,295,9,exercised,16336779
xe,295,10,boxes,15013629
xe,295,11,relaxed,9153978
xe,295,12,execute,9114752
oh,296,1,john,235323655
oh,296,2,oh,64028903
oh,296,3,johnson,41907304
oh,296,4,alcohol,30599390
oh,296,5,ohio,26559742
oh,296,6,prohibited,10415020
oh,296,7,prohibition,9919914
oh,296,8,cohen,9007672
oh,296,9,coherent,7634176
oh,296,10,johnny,6739582
oh,296,11,alcoholic,6374771
oh,296,12,johnston,6360265
lk,297,1,talk,83995152
lk,297,2,walk,47866921
lk,297,3,talking,44565407
lk,297,4,walked,43808657
lk,297,5,milk,41935735
lk,297,6,walking,30746983
lk,297,7,talked,26172931
lk,297,8,folk,19088304
lk,297,9,bulk,18954669
lk,297,10,silk,16698665
lk,297,11,walker,14364897
lk,297,12,talks,12954599
dv,298,1,advantage,63931110
dv,298,2,advanced,52030761
dv,298,3,advance,46356462
dv,298,4,advice,40404359
dv,298,5,advantages,32677603
dv,298,6,advertising,26176545
dv,298,7,advances,17026889
dv,298,8,advised,14943090
dv,298,9,adverse,13738758
dv,298,10,adventure,12020488
dv,298,11,advocate,11749532
dv,298,12,advisory,10337720
lp,299,1,help,199252187
lp,299,2,helped,41322413
lp,299,3,philadelphia,32089662
lp,299,4,helpful,22671884
lp,299,5,helps,21796407
lp,299,6,helping,21510831
lp,299,7,ralph,10783695
lp,299,8,sculpture,10175777
lp,299,9,alpha,10167549
lp,299,10,helpless,7889176
lp,299,11,sulphur,7010583
lp,299,12,pulp,6319748
ax,300,1,tax,106424130
ax,300,2,maximum,56689718
ax,300,3,taxes,37820510
ax,300,4,axis,29993153
ax,300,5,taxation,17095393
ax,300,6,max,17047260
ax,300,7,relaxation,11347304
ax,300,8,fax,10051137
ax,300,9,relaxed,9153978
ax,300,10,saxon,8976323
ax,300,11,taxable,8394159
ax,300,12,wax,8347206
ox,301,1,box,73974790
ox,301,2,oxford,49518636
ox,301,3,approximately,43392984
ox,301,4,oxygen,34022593
ox,301,5,fox,17131152
ox,301,6,boxes,15013629
ox,301,7,orthodox,12974560
ox,301,8,oxide,12923070
ox,301,9,approximate,11312361
ox,301,10,dioxide,10698059
ox,301,11,toxic,10547478
ox,301,12,oxidation,10276379
uf,302,1,sufficient,75910173
uf,302,2,suffering,36395524
uf,302,3,suffered,33811797
uf,302,4,manufacturing,32719084
uf,302,5,sufficiently,30460965
uf,302,6,suffer,26911029
uf,302,7,manufacture,19093612
uf,302,8,stuff,17634980
uf,302,9,manufacturers,16570258
uf,302,10,manufacturer,12342062
uf,302,11,manufactured,12320959
uf,302,12,insufficient,11829783
dm,303,1,administration,91223973
dm,303,2,administrative,38243304
dm,303,3,admitted,35488776
dm,303,4,amendment,28899488
dm,303,5,admit,27459942
dm,303,6,admission,18945594
dm,303,7,administered,16521642
dm,303,8,admiral,14783362
dm,303,9,admiration,13148688
dm,303,10,administrator,11123210
dm,303,11,grandmother,10909338
dm,303,12,administrators,10769394
iu,304,1,medium,51316760
iu,304,2,equilibrium,28918869
iu,304,3,genius,23559301
iu,304,4,sodium,22473418
iu,304,5,calcium,18892588
iu,304,6,triumph,15872681
iu,304,7,radius,13648648
iu,304,8,potassium,12890560
iu,304,9,belgium,10393867
iu,304,10,premium,9188690
iu,304,11,symposium,7943184
iu,304,12,magnesium,6518979
sf,305,1,successful,69664268
sf,305,2,transfer,56934652
sf,305,3,satisfaction,33277408
sf,305,4,satisfied,31286367
sf,305,5,transformation,28053106
sf,305,6,satisfactory,24506769
sf,305,7,successfully,24356723
sf,305,8,transferred,23759138
sf,305,9,satisfy,19546973
sf,305,10,transformed,17180525
sf,305,11,transform,11047001
sf,305,12,transfers,9285758
bt,306,1,obtained,105602979
bt,306,2,doubt,86837636
bt,306,3,obtain,59149618
bt,306,4,debt,39051863
bt,306,5,undoubtedly,21068607
bt,306,6,obtaining,18148005
bt,306,7,subtle,14618645
bt,306,8,doubtless,14221720
bt,306,9,debts,13216334
bt,306,10,doubtful,12962564
bt,306,11,doubts,11736425
bt,306,12,debtor,8343428
ka,307,1,remarkable,36739601
ka,307,2,package,15065946
ka,307,3,okay,14573620
ka,307,4,kansas,13794988
ka,307,5,karl,11224168
ka,307,6,kant,10571151
ka,307,7,remarkably,9282521
ka,307,8,kate,8824323
ka,307,9,alaska,8582827
ka,307,10,packages,6798990
ka,307,11,arkansas,6739961
ka,307,12,nebraska,6538783
yt,308,1,anything,125837838
yt,308,2,everything,100209737
yt,308,3,myth,16553290
yt,308,4,analytical,13466030
yt,308,5,rhythm,13330242
yt,308,6,myths,8047310
yt,308,7,analytic,6661427
yt,308,8,presbyterian,6607643
yt,308,9,mythology,5935625
yt,308,10,rhythmic,4517700
yt,308,11,psychoanalytic,4503710
yt,308,12,lymphocytes,4441994
ek,309,1,week,84735902
ek,309,2,weeks,67337561
ek,309,3,greek,54270831
ek,309,4,seek,45779048
ek,309,5,seeking,32115829
ek,309,6,creek,20108446
ek,309,7,weekly,19143961
ek,309,8,seeks,14150602
ek,309,9,greeks,14021473
ek,309,10,cheek,9732594
ek,309,11,cheeks,8748241
ek,309,12,weekend,7299882
pm,310,1,development,292567752
pm,310,2,equipment,64858025
pm,310,3,developments,25204762
pm,310,4,developmental,16697896
pm,310,5,pm,7241978
pm,310,6,chapman,5770950
pm,310,7,shipment,4283632
pm,310,8,ppm,3898078
pm,310,9,shipments,3386946
pm,310,10,rpm,2155492
pm,310,11,encampment,1754336
pm,310,12,redevelopment,1310818
ya,311,1,royal,66531300
ya,311,2,yards,20181722
ya,311,3,yard,18368248
ya,311,4,voyage,16123392
ya,311,5,loyalty,15810585
ya,311,6,payable,11667726
ya,311,7,yale,11394007
ya,311,8,loyal,11250383
ya,311,9,kenya,6539481
ya,311,10,yang,5849289
ya,311,11,ryan,5651368
ya,311,12,courtyard,5301278
gt,312,1,length,110823907
gt,312,2,washington,98704427
gt,312,3,strength,90040288
gt,312,4,strengthen,10898411
gt,312,5,strengthened,9746804
gt,312,6,lengths,9549817
gt,312,7,wavelength,8013495
gt,312,8,strengths,7739788
gt,312,9,strengthening,7527755
gt,312,10,lengthy,6617664
gt,312,11,wellington,5920697
gt,312,12,lexington,4360206
wl,313,1,knowledge,185412728
wl,313,2,slowly,49984533
wl,313,3,newly,22861197
wl,313,4,acknowledged,17422889
wl,313,5,acknowledge,15172640
wl,313,6,bowl,13221209
wl,313,7,acknowledgment,5210622
wl,313,8,acknowledgments,4343331
wl,313,9,narrowly,4198888
wl,313,10,acknowledging,3987119
wl,313,11,acknowledges,3881010
wl,313,12,owl,3839938
rh,314,1,perhaps,192537809
rh,314,2,neighborhood,17714377
rh,314,3,rhythm,13330242
rh,314,4,rhetoric,12570444
rh,314,5,overhead,11165792
rh,314,6,neighbourhood,9784047
rh,314,7,rhetorical,6471955
rh,314,8,rhode,5626189
rh,314,9,durham,5618895
rh,314,10,brotherhood,5546258
rh,314,11,hemorrhage,5485284
rh,314,12,rhine,5276229
yl,315,1,style,79906426
yl,315,2,pennsylvania,25634739
yl,315,3,taylor,24441676
yl,315,4,styles,14822691
yl,315,5,cylinder,14626425
yl,315,6,maryland,12721458
yl,315,7,daylight,7339994
yl,315,8,lifestyle,5861536
yl,315,9,asylum,5689897
yl,315,10,methyl,5631789
yl,315,11,cylindrical,5539221
yl,315,12,syllable,5143362
hs,316,1,months,121167402
hs,316,2,notwithstanding,17282107
hs,316,3,photographs,16375732
hs,316,4,paths,13666683
hs,316,5,deaths,13184997
hs,316,6,truths,11902969
hs,316,7,depths,11315623
hs,316,8,lengths,9549817
hs,316,9,paragraphs,8128367
hs,316,10,myths,8047310
hs,316,11,strengths,7739788
hs,316,12,mouths,5753603
ah,317,1,ahead,34510196
ah,317,2,ah,20125619
ah,317,3,abraham,15035973
ah,317,4,sarah,14579313
ah,317,5,graham,11072809
ah,317,6,yeah,10614543
ah,317,7,oklahoma,7430904
ah,317,8,shah,7288699
ah,317,9,utah,7180089
ah,317,10,isaiah,5767280
ah,317,11,messiah,5595522
ah,317,12,hannah,5492074
yc,318,1,psychology,44607456
yc,318,2,psychological,43473392
yc,318,3,cycle,40130390
yc,318,4,cycles,12755373
yc,318,5,psychiatric,11427758
yc,318,6,psychiatry,9664771
yc,318,7,psychic,7425252
yc,318,8,psychologists,7363440
yc,318,9,psychotherapy,6684096
yc,318,10,joyce,6614219
yc,318,11,psychologist,6387914
yc,318,12,encyclopedia,5553458
yn,319,1,dynamic,27827595
yn,319,2,syndrome,22968560
yn,319,3,synthesis,21635138
yn,319,4,dynamics,17415934
yn,319,5,dynasty,10358270
yn,319,6,synthetic,9950298
yn,319,7,reynolds,7755271
yn,319,8,syntax,7104492
yn,319,9,wayne,6325356
yn,319,10,brooklyn,6030228
yn,319,11,lynn,4387489
yn,319,12,synagogue,4361926
rw,320,1,forward,79381233
rw,320,2,otherwise,73189721
rw,320,3,afterwards,40203907
rw,320,4,afterward,11351834
rw,320,5,overwhelming,10467458
rw,320,6,norway,10029207
rw,320,7,darwin,8067077
rw,320,8,straightforward,7793594
rw,320,9,doorway,7188053
rw,320,10,norwegian,5728334
rw,320,11,overwhelmed,5721083
rw,320,12,underwent,3913068
hm,321,1,establishment,41644372
hm,321,2,punishment,28991542
hm,321,3,attachment,16679764
hm,321,4,algorithm,14433021
hm,321,5,rhythm,13330242
hm,321,6,richmond,10595145
hm,321,7,arithmetic,8963612
hm,321,8,establishments,7613741
hm,321,9,detachment,7285842
hm,321,10,algorithms,6802973
hm,321,11,englishman,6520415
hm,321,12,accomplishment,6259059
lw,322,1,always,289326176
lw,322,2,railway,29656042
lw,322,3,railways,9299328
lw,322,4,milwaukee,4312933
lw,322,5,hallway,3096661
lw,322,6,whirlwind,1449398
lw,322,7,bulwark,1279676
lw,322,8,galway,1066428
lw,322,9,stalwart,1043466
lw,322,10,bulwer,776038
lw,322,11,selwyn,705642
lw,322,12,bulwarks,591934
hl,323,1,highly,77844910
hl,323,2,thoroughly,25269005
hl,323,3,monthly,22239125
hl,323,4,roughly,15909512
hl,323,5,chloride,13201890
hl,323,6,earthly,8672869
hl,323,7,pamphlet,7065634
hl,323,8,athletic,6013819
hl,323,9,highlight,5273258
hl,323,10,chlorine,5204990
hl,323,11,smoothly,5187849
hl,323,12,highlands,5163267
ae,324,1,israel,43270177
ae,324,2,michael,37213107
ae,324,3,aesthetic,14628147
ae,324,4,caesar,10436891
ae,324,5,israeli,9566750
ae,324,6,archaeological,8578678
ae,324,7,archaeology,6851564
ae,324,8,larvae,6675346
ae,324,9,aerial,5509513
ae,324,10,aesthetics,4138785
ae,324,11,mediaeval,4021296
ae,324,12,algae,3999264
zi,325,1,magazine,30274997
zi,325,2,brazil,15808513
zi,325,3,magazines,11712568
zi,325,4,organizing,11585251
zi,325,5,zinc,11326568
zi,325,6,nazi,9839697
zi,325,7,recognizing,9024229
zi,325,8,amazing,8465580
zi,325,9,analyzing,7356018
zi,325,10,freezing,7351381
zi,325,11,realizing,6748027
zi,325,12,grazing,6090341
az,326,1,magazine,30274997
az,326,2,brazil,15808513
az,326,3,gaze,13963067
az,326,4,magazines,11712568
az,326,5,crazy,10449290
az,326,6,nazi,9839697
az,326,7,hazard,8564140
az,326,8,amazing,8465580
az,326,9,gazette,7576662
az,326,10,hazardous,7296518
az,326,11,jazz,7119073
az,326,12,hazards,6668089
lc,327,1,calculated,35852459
lc,327,2,alcohol,30599390
lc,327,3,welcome,22143068
lc,327,4,calcium,18892588
lc,327,5,calculation,17306349
lc,327,6,calculations,16264095
lc,327,7,calculate,14715444
lc,327,8,calcutta,8701581
lc,327,9,welcomed,8228891
lc,327,10,calculating,7268589
lc,327,11,alcoholic,6374771
lc,327,12,volcanic,6328386
py,328,1,happy,59164298
py,328,2,therapy,44552663
py,328,3,copy,44105907
py,328,4,copyright,25924198
py,328,5,occupy,13788640
py,328,6,unhappy,12550332
py,328,7,psychotherapy,6684096
py,328,8,occupying,6245760
py,328,9,copying,5713307
py,328,10,pyramid,5595994
py,328,11,spy,5217711
py,328,12,chemotherapy,4499425
aj,329,1,major,168841614
aj,329,2,majority,70452760
aj,329,3,majesty,28498992
aj,329,4,trajectory,3616777
aj,329,5,raja,3479460
aj,329,6,majestic,3475871
aj,329,7,aj,2459293
aj,329,8,navajo,2451746
aj,329,9,raj,2281819
aj,329,10,majors,2160675
aj,329,11,trajectories,1978772
aj,329,12,rajasthan,1840634
iq,330,1,techniques,56278415
iq,330,2,technique,46320076
iq,330,3,liquid,38026027
iq,330,4,unique,37709353
iq,330,5,critique,12514442
iq,330,6,antiquity,9901877
iq,330,7,liquor,9734029
iq,330,8,liquids,5677403
iq,330,9,oblique,5665917
iq,330,10,antique,5284570
iq,330,11,uniquely,3650817
iq,330,12,iq,3601305
nj,331,1,injury,35838064
nj,331,2,enjoy,32845122
nj,331,3,enjoyed,27459389
nj,331,4,benjamin,14889013
nj,331,5,injuries,14816886
nj,331,6,injection,14398903
nj,331,7,injured,14284766
nj,331,8,conjunction,12329814
nj,331,9,enjoyment,11288558
nj,331,10,injustice,9810629
nj,331,11,enjoying,8978388
nj,331,12,unjust,7697000
bb,332,1,rubber,17728750
bb,332,2,caribbean,9366284
bb,332,3,rabbit,8667525
bb,332,4,abbey,8316990
bb,332,5,sabbath,7453625
bb,332,6,grabbed,7181011
bb,332,7,rabbi,6841500
bb,332,8,abbot,5634545
bb,332,9,rubbed,5493976
bb,332,10,lobby,5435318
bb,332,11,bubble,5257089
bb,332,12,rabbits,4994188
nh,333,1,inhabitants,30651827
nh,333,2,inherent,17223565
nh,333,3,enhanced,13571965
nh,333,4,inheritance,13457688
nh,333,5,unhappy,12550332
nh,333,6,enhance,12338108
nh,333,7,inherited,11992947
nh,333,8,inhibition,9405634
nh,333,9,inhabited,6574376
nh,333,10,eisenhower,6099615
nh,333,11,enhancement,5239965
nh,333,12,manhattan,5158099
uo,334,1,continuous,37843432
uo,334,2,quoted,35101662
uo,334,3,quote,10879137
uo,334,4,continuously,10844451
uo,334,5,conspicuous,10375582
uo,334,6,liquor,9734029
uo,334,7,quotation,8733779
uo,334,8,ambiguous,7559561
uo,334,9,quo,7080288
uo,334,10,quotations,7066966
uo,334,11,quotes,6436723
uo,334,12,virtuous,6281380
kl,335,1,quickly,67282635
kl,335,2,weekly,19143961
kl,335,3,franklin,17270934
kl,335,4,oklahoma,7430904
kl,335,5,frankly,6216146
kl,335,6,brooklyn,6030228
kl,335,7,klein,4979420
kl,335,8,folklore,4962796
kl,335,9,ankle,4689003
kl,335,10,tackle,4310067
kl,335,11,reckless,3979192
kl,335,12,checklist,3467044
lr,336,1,already,198197475
lr,336,2,railroad,26154487
lr,336,3,cavalry,13980526
lr,336,4,railroads,8502803
lr,336,5,rivalry,5250315
lr,336,6,jewelry,4087274
lr,336,7,chivalry,2747740
lr,336,8,ulrich,1647880
lr,336,9,lr,1623682
lr,336,10,rivalries,1540103
lr,336,11,ballroom,1315755
lr,336,12,alright,1088876
tn,337,1,witness,31068957
tn,337,2,partner,27607453
tn,337,3,partners,20228367
tn,337,4,partnership,19390345
tn,337,5,vietnam,17501377
tn,337,6,witnesses,16976352
tn,337,7,witnessed,11201147
tn,337,8,lightning,9140673
tn,337,9,greatness,8496596
tn,337,10,fitness,8210247
tn,337,11,vietnamese,6613701
tn,337,12,brightness,5733846
gm,338,1,judgment,62468378
gm,338,2,segment,18265255
gm,338,3,fragments,17686407
gm,338,4,segments,14522204
gm,338,5,judgments,14031412
gm,338,6,fragment,10483941
gm,338,7,paradigm,8391160
gm,338,8,gm,6862175
gm,338,9,pragmatic,5664310
gm,338,10,acknowledgment,5210622
gm,338,11,pigment,5100441
gm,338,12,diaphragm,4706279
sn,339,1,consciousness,48106772
sn,339,2,snow,32315248
sn,339,3,snake,9564676
sn,339,4,righteousness,9054513
sn,339,5,snapped,5270378
sn,339,6,snakes,4806338
sn,339,7,seriousness,4506317
sn,339,8,snap,4396266
sn,339,9,transnational,3585854
sn,339,10,disney,3025209
sn,339,11,snatched,2920407
sn,339,12,helplessness,2657117
nr,340,1,henry,81403955
nr,340,2,genre,8212772
nr,340,3,unreasonable,6824060
nr,340,4,monroe,6297046
nr,340,5,enrolled,5929073
nr,340,6,henri,5668275
nr,340,7,unrelated,5560189
nr,340,8,conrad,5507221
nr,340,9,enriched,5425285
nr,340,10,masonry,4876388
nr,340,11,enrollment,4830042
nr,340,12,unrest,4324715
fy,341,1,identify,38898150
fy,341,2,satisfy,19546973
fy,341,3,justify,17136643
fy,341,4,identifying,13705194
fy,341,5,specify,13057071
fy,341,6,modify,10715777
fy,341,7,satisfying,8057842
fy,341,8,qualify,6690672
fy,341,9,clarify,6548259
fy,341,10,verify,6210513
fy,341,11,testify,5720328
fy,341,12,signify,4737688
mn,342,1,column,43724858
mn,342,2,columns,23272932
mn,342,3,autumn,16473087
mn,342,4,condemned,14839548
mn,342,5,solemn,11703539
mn,342,6,damn,8988924
mn,342,7,condemnation,6327066
mn,342,8,damned,5941986
mn,342,9,hymn,5754724
mn,342,10,condemn,5172426
mn,342,11,hymns,4964527
mn,342,12,mn,4899482
dw,343,1,edward,43795202
dw,343,2,hardware,12323952
dw,343,3,dwelling,11341857
dw,343,4,edwards,9163332
dw,343,5,worldwide,8423836
dw,343,6,dwell,8147371
dw,343,7,edwin,6315092
dw,343,8,baldwin,6006177
dw,343,9,broadway,5906083
dw,343,10,dwellings,5540417
dw,343,11,bandwidth,4750951
dw,343,12,sandwich,4564074
sb,344,1,husband,74612454
sb,344,2,husbands,9337803
sb,344,3,isbn,8624790
sb,344,4,pittsburgh,7382050
sb,344,5,petersburg,6989067
sb,344,6,presbyterian,6607643
sb,344,7,lesbian,5699696
sb,344,8,salisbury,5330119
sb,344,9,lisbon,3431014
sb,344,10,asbestos,2901731
sb,344,11,disbelief,2602132
sb,344,12,husbandry,2462390
yr,345,1,copyright,25924198
yr,345,2,syria,8880452
yr,345,3,thyroid,7841999
yr,345,4,tyranny,7451371
yr,345,5,byron,6513041
yr,345,6,pyramid,5595994
yr,345,7,martyr,4316058
yr,345,8,syrian,4199237
yr,345,9,tyrant,4076812
yr,345,10,payroll,3937981
yr,345,11,lyric,3846615
yr,345,12,martyrs,3754357
dn,346,1,dna,25849961
dn,346,2,goodness,13370957
dn,346,3,kindness,12064994
dn,346,4,kidney,11249432
dn,346,5,midnight,11167674
dn,346,6,sydney,10049099
dn,346,7,wednesday,7585861
dn,346,8,madness,6901135
dn,346,9,sidney,6840853
dn,346,10,sadness,5627944
dn,346,11,hardness,5349533
dn,346,12,gardner,4957516
sq,347,1,square,63228484
sq,347,2,squares,10296205
sq,347,3,squadron,7441920
sq,347,4,esq,7145593
sq,347,5,picturesque,6623525
sq,347,6,sql,5120171
sq,347,7,mosque,4158131
sq,347,8,squeezed,4146156
sq,347,9,squire,3937433
sq,347,10,squeeze,3778416
sq,347,11,grotesque,3701719
sq,347,12,squad,3493133
zo,348,1,zone,35682568
zo,348,2,horizontal,25457714
zo,348,3,horizon,14395525
zo,348,4,zones,13438884
zo,348,5,arizona,9846783
zo,348,6,schizophrenia,5273875
zo,348,7,zoning,3984040
zo,348,8,ozone,3983357
zo,348,9,horizons,3734524
zo,348,10,horizontally,3680166
zo,348,11,lorenzo,3649067
zo,348,12,amazon,3058843
oj,349,1,project,96234298
oj,349,2,projects,42549528
oj,349,3,projected,11971808
oj,349,4,projection,11765415
oj,349,5,projections,6966873
oj,349,6,projecting,5381070
oj,349,7,oj,2830218
oj,349,8,sojourn,2055642
oj,349,9,projectile,1704769
oj,349,10,trojan,1625693
oj,349,11,projector,1621869
oj,349,12,projective,1522387
yd,350,1,hydrogen,23324672
yd,350,2,everyday,15381344
yd,350,3,lloyd,10727041
yd,350,4,sydney,10049099
yd,350,5,hydraulic,5954321
yd,350,6,carbohydrate,4705882
yd,350,7,hyde,4099643
yd,350,8,hydrochloric,3841866
yd,350,9,boyd,3824930
yd,350,10,hydroxide,3727865
yd,350,11,carbohydrates,3657443
yd,350,12,hydrolysis,3618244
lb,351,1,albert,16995302
lb,351,2,gilbert,9517905
lb,351,3,elbow,7206678
lb,351,4,albany,6722363
lb,351,5,albeit,6296797
lb,351,6,melbourne,6221033
lb,351,7,lb,6202630
lb,351,8,lbs,5761114
lb,351,9,bulb,5285100
lb,351,10,album,4805424
lb,351,11,alberta,3385426
lb,351,12,heidelberg,3378003
wt,352,1,growth,147031630
wt,352,2,newton,11628249
wt,352,3,hawthorne,3795976
wt,352,4,wto,3092463
wt,352,5,wt,2608880
wt,352,6,growths,1889822
wt,352,7,newtonian,1758741
wt,352,8,outgrowth,1592294
wt,352,9,undergrowth,1013497
wt,352,10,lawton,975171
wt,352,11,pewter,886863
wt,352,12,hawthorn,878699
lg,353,1,algorithm,14433021
lg,353,2,belgium,10393867
lg,353,3,algorithms,6802973
lg,353,4,vulgar,6211995
lg,353,5,belgian,5412102
lg,353,6,pilgrimage,5191104
lg,353,7,indulgence,5070570
lg,353,8,pilgrims,4800640
lg,353,9,bulgaria,4677412
lg,353,10,indulge,4484864
lg,353,11,algebra,4296536
lg,353,12,pilgrim,4057851
ko,354,1,korea,18681566
ko,354,2,korean,12453912
ko,354,3,kong,12362714
ko,354,4,dakota,6292826
ko,354,5,reckoned,5325112
ko,354,6,reckon,4111833
ko,354,7,reckoning,2807162
ko,354,8,koch,2779703
ko,354,9,bangkok,2585899
ko,354,10,ko,2479996
ko,354,11,koran,2230833
ko,354,12,lookout,2153695
np,355,1,input,41046336
np,355,2,unpublished,11422569
np,355,3,inputs,11202959
np,355,4,unpleasant,8552406
np,355,5,manpower,6010724
np,355,6,unprecedented,5603128
np,355,7,commonplace,5321850
np,355,8,np,3833444
np,355,9,gnp,3731903
np,355,10,nonprofit,3652267
np,355,11,unpredictable,3651950
np,355,12,unpaid,3622914
sr,356,1,israel,43270177
sr,356,2,classroom,19790994
sr,356,3,israeli,9566750
sr,356,4,ussr,9475617
sr,356,5,sri,8414984
sr,356,6,disregard,5824315
sr,356,7,disruption,5243981
sr,356,8,classrooms,4386745
sr,356,9,sr,4338666
sr,356,10,disregarded,3498639
sr,356,11,israelites,3462569
sr,356,12,disruptive,2721016
nq,357,1,inquiry,25092784
nq,357,2,conquest,16033931
nq,357,3,conquered,9078271
nq,357,4,inquiries,7166846
nq,357,5,inquire,7046957
nq,357,6,inquired,6261419
nq,357,7,enquiry,5608790
nq,357,8,conquer,5091587
nq,357,9,delinquency,4606718
nq,357,10,banquet,4325173
nq,357,11,conqueror,4052589
nq,357,12,unquestionably,3978102
ky,358,1,sky,34497044
ky,358,2,tokyo,12457062
ky,358,3,kentucky,11978928
ky,358,4,lucky,11017715
ky,358,5,rocky,10595188
ky,358,6,risky,3869871
ky,358,7,sticky,2921433
ky,358,8,kyoto,2571975
ky,358,9,whisky,2491575
ky,358,10,trotsky,2241675
ky,358,11,milky,2181794
ky,358,12,bulky,2169059
ln,359,1,illness,28351103
ln,359,2,lincoln,24683096
ln,359,3,ln,13983527
ln,359,4,vulnerable,10443362
ln,359,5,usefulness,7780274
ln,359,6,vulnerability,4833998
ln,359,7,illnesses,3917093
ln,359,8,walnut,3037825
ln,359,9,fullness,3006778
ln,359,10,stillness,2825351
ln,359,11,malnutrition,2693332
ln,359,12,fulness,2271299
nw,360,1,meanwhile,22495516
nw,360,2,commonwealth,16217739
nw,360,3,downward,11074799
nw,360,4,inward,8782762
nw,360,5,unwilling,8766999
nw,360,6,unworthy,5239237
nw,360,7,onwards,4873390
nw,360,8,onward,4619464
nw,360,9,downwards,3947838
nw,360,10,unwanted,3748237
nw,360,11,nationwide,3519484
nw,360,12,cornwall,3427291
tf,361,1,platform,17772171
tf,361,2,doubtful,12962564
tf,361,3,delightful,9505589
tf,361,4,portfolio,9057009
tf,361,5,straightforward,7793594
tf,361,6,thoughtful,6268004
tf,361,7,fruitful,5846110
tf,361,8,platforms,3934713
tf,361,9,hartford,3689174
tf,361,10,outfit,3588320
tf,361,11,respectful,3452332
tf,361,12,respectfully,3071411
fs,362,1,beliefs,25725832
fs,362,2,chiefs,14272753
fs,362,3,offset,9445605
fs,362,4,offspring,9292165
fs,362,5,cliffs,8488690
fs,362,6,plaintiffs,7630004
fs,362,7,proofs,7276625
fs,362,8,roofs,4910598
fs,362,9,tariffs,4904467
fs,362,10,offshore,4275863
fs,362,11,motifs,3950307
fs,362,12,staffs,2710655
cq,363,1,acquired,38151111
cq,363,2,acquisition,20603071
cq,363,3,acquire,17714775
cq,363,4,acquainted,13476785
cq,363,5,acquaintance,12434522
cq,363,6,acquiring,8035688
cq,363,7,jacques,7892479
cq,363,8,acquisitions,3828575
cq,363,9,acquires,3780892
cq,363,10,acquaintances,3575912
cq,363,11,acquitted,2373220
cq,363,12,acquiescence,2150066
dh,364,1,childhood,27879065
dh,364,2,buddhist,9905171
dh,364,3,buddha,9820282
dh,364,4,gandhi,8376232
dh,364,5,buddhism,8014458
dh,364,6,adherence,5481389
dh,364,7,adhere,4883004
dh,364,8,adherents,4330784
dh,364,9,adhesion,4120865
dh,364,10,adhered,3562765
dh,364,11,adhesive,3536640
dh,364,12,dharma,3071400
sd,365,1,wisdom,36113862
sd,365,2,jurisdiction,28821586
sd,365,3,tuesday,8228154
sd,365,4,thursday,7920918
sd,365,5,wednesday,7585861
sd,365,6,sd,4444977
sd,365,7,jurisdictions,3875827
sd,365,8,disdain,2861983
sd,365,9,dresden,2711859
sd,365,10,transducer,2084573
sd,365,11,sds,1655742
sd,365,12,usda,1601023
vy,366,1,heavy,72613321
vy,366,2,navy,25903516
vy,366,3,levy,7683390
vy,366,4,envy,6949247
vy,366,5,privy,5759287
vy,366,6,ivy,3307807
vy,366,7,davy,1741566
vy,366,8,livy,1593446
vy,366,9,wavy,1517675
vy,366,10,scurvy,1263613
vy,366,11,levying,1145576
vy,366,12,gravy,1015855
dj,367,1,adjustment,23679437
dj,367,2,adjacent,18539263
dj,367,3,adjusted,15842026
dj,367,4,adjust,11125678
dj,367,5,adjustments,9093002
dj,367,6,adjoining,7613064
dj,367,7,adjusting,5923228
dj,367,8,adjective,4690231
dj,367,9,adjectives,3684660
dj,367,10,adjustable,2344471
dj,367,11,adjourned,2313406
dj,367,12,adjunct,2298475
hw,368,1,highway,16618512
hw,368,2,northwest,12211176
hw,368,3,southwest,10437643
hw,368,4,pathway,7449269
hw,368,5,pathways,6319226
hw,368,6,highways,5307184
hw,368,7,worthwhile,5073287
hw,368,8,northwestern,5019607
hw,368,9,northward,4613317
hw,368,10,southward,4419042
hw,368,11,southwestern,4405565
hw,368,12,schwartz,3977290
xu,369,1,sexual,58848555
xu,369,2,sexuality,10868503
xu,369,3,luxury,9934936
xu,369,4,sexually,6354538
xu,369,5,homosexual,5495884
xu,369,6,homosexuality,4434818
xu,369,7,heterosexual,3255608
xu,369,8,luxurious,3184187
xu,369,9,plexus,2996564
xu,369,10,luxuries,2329470
xu,369,11,homosexuals,1864717
xu,369,12,nexus,1658388
ao,370,1,extraordinary,27102852
ao,370,2,chaos,9799348
ao,370,3,mao,7476360
ao,370,4,aortic,4694631
ao,370,5,chaotic,3704262
ao,370,6,aorta,3692007
ao,370,7,extraordinarily,3642969
ao,370,8,rao,3363714
ao,370,9,maori,3093552
ao,370,10,sao,3054872
ao,370,11,pharaoh,3001212
ao,370,12,ao,2708018
ml,371,1,ml,29215371
ml,371,2,firmly,19670249
ml,371,3,hamlet,7854873
ml,371,4,uniformly,7185231
ml,371,5,harmless,5250194
ml,371,6,calmly,5160338
ml,371,7,html,4800516
ml,371,8,randomly,4532252
ml,371,9,xml,4225570
ml,371,10,warmly,3978082
ml,371,11,dimly,2542994
ml,371,12,kremlin,1806482
uk,372,1,duke,38643639
uk,372,2,uk,17033039
uk,372,3,luke,13797201
uk,372,4,milwaukee,4312933
uk,372,5,ukraine,3907313
uk,372,6,leukemia,3466844
uk,372,7,ukrainian,3437766
uk,372,8,rebuke,2211896
uk,372,9,dukes,2125818
uk,372,10,suzuki,1533354
uk,372,11,leukocytes,1470376
uk,372,12,archduke,1430860
uy,373,1,buy,43002803
uy,373,2,guy,19572052
uy,373,3,buying,16530140
uy,373,4,buyer,12188853
uy,373,5,guys,9404337
uy,373,6,buyers,7448122
uy,373,7,buys,3705842
uy,373,8,schuyler,1360199
uy,373,9,nguyen,1193143
uy,373,10,guyana,1137759
uy,373,11,muy,928739
uy,373,12,soliloquy,795767
ej,374,1,rejected,25571348
ej,374,2,prejudice,14380442
ej,374,3,rejection,14057147
ej,374,4,reject,12454749
ej,374,5,prejudices,6808052
ej,374,6,rejecting,5245416
ej,374,7,rejoice,5032349
ej,374,8,rejects,4475427
ej,374,9,rejoicing,2876821
ej,374,10,rejoiced,2551999
ej,374,11,prejudiced,2340160
ej,374,12,rejoined,2262238
ez,375,1,breeze,7392195
ez,375,2,freezing,7351381
ez,375,3,freeze,5230683
ez,375,4,venezuela,4868187
ez,375,5,squeezed,4146156
ez,375,6,squeeze,3778416
ez,375,7,lopez,3350750
ez,375,8,ezra,3245963
ez,375,9,suez,3021883
ez,375,10,martinez,2580415
ez,375,11,rendezvous,2536073
ez,375,12,rodriguez,2499183
hb,376,1,neighborhood,17714377
hb,376,2,neighbors,13923321
hb,376,3,archbishop,12679395
hb,376,4,neighbor,10115675
hb,376,5,neighbourhood,9784047
hb,376,6,neighbours,8682640
hb,376,7,neighboring,8063765
hb,376,8,neighbouring,7981652
hb,376,9,neighbour,5880959
hb,376,10,neighborhoods,4641732
hb,376,11,hb,1667445
hb,376,12,willoughby,1377594
nz,377,1,enzyme,14713064
nz,377,2,bronze,11992599
nz,377,3,enzymes,9837672
nz,377,4,franz,4943753
nz,377,5,mackenzie,4403578
nz,377,6,stanza,3755707
nz,377,7,lorenzo,3649067
nz,377,8,tanzania,3267370
nz,377,9,benzene,3053027
nz,377,10,influenza,3044286
nz,377,11,frenzy,2528290
nz,377,12,stanzas,2249871
nb,378,1,edinburgh,14580091
nb,378,2,rainbow,4598110
nb,378,3,unbroken,3722412
nb,378,4,rosenberg,2888252
nb,378,5,unbearable,2338800
nb,378,6,greenberg,2116305
nb,378,7,istanbul,2082256
nb,378,8,canberra,1950512
nb,378,9,nbc,1949971
nb,378,10,unbalanced,1919362
nb,378,11,unbounded,1916304
nb,378,12,dunbar,1851620
mc,379,1,mcgraw,7164039
mc,379,2,mc,5121221
mc,379,3,mccarthy,4488839
mc,379,4,mcdonald,4108185
mc,379,5,mcclellan,2507381
mc,379,6,mckinley,2409596
mc,379,7,circumcision,2380420
mc,379,8,mccormick,1938652
mc,379,9,mclean,1912009
mc,379,10,mckay,1868131
mc,379,11,armchair,1603379
mc,379,12,mcdowell,1520254
yb,380,1,maybe,43187764
yb,380,2,everybody,23112928
yb,380,3,anybody,13943261
yb,380,4,hybrid,7458537
yb,380,5,keyboard,5373477
yb,380,6,hybrids,2562182
yb,380,7,hybridization,2347086
yb,380,8,soybean,1798951
yb,380,9,daybreak,1793220
yb,380,10,molybdenum,1650385
yb,380,11,soybeans,1111100
yb,380,12,playboy,1044213
tp,381,1,output,63738756
tp,381,2,outputs,5212961
tp,381,3,marketplace,4451350
tp,381,4,atp,4299372
tp,381,5,postponed,3957262
tp,381,6,postpone,2699938
tp,381,7,outpatient,2164611
tp,381,8,tp,2090414
tp,381,9,westport,1851500
tp,381,10,http,1850617
tp,381,11,ftp,1615821
tp,381,12,outpost,1568831
xh,382,1,exhibit,22096331
xh,382,2,exhibition,13786124
xh,382,3,exhausted,13495264
xh,382,4,exhibited,13225099
xh,382,5,exhibits,9347867
xh,382,6,exhaust,6230487
xh,382,7,exhaustion,5274615
xh,382,8,exhaustive,3984957
xh,382,9,exhibitions,3934155
xh,382,10,exhibiting,3922054
xh,382,11,exhausting,2079909
xh,382,12,inexhaustible,2073948
ux,383,1,flux,12554942
ux,383,2,luxury,9934936
ux,383,3,auxiliary,7474932
ux,383,4,aux,6102839
ux,383,5,influx,3927728
ux,383,6,deux,3801501
ux,383,7,sioux,3341411
ux,383,8,luxurious,3184187
ux,383,9,huxley,2976514
ux,383,10,luxembourg,2658409
ux,383,11,bordeaux,2542169
ux,383,12,luxuries,2329470
tz,384,1,switzerland,11581020
tz,384,2,quartz,7466787
tz,384,3,nietzsche,5971592
tz,384,4,fitzgerald,4027172
tz,384,5,schwartz,3977290
tz,384,6,fritz,3257747
tz,384,7,katz,3102102
tz,384,8,schultz,1882659
tz,384,9,tzu,1604253
tz,384,10,waltz,1579414
tz,384,11,auschwitz,1511969
tz,384,12,fitz,1467841
bv,385,1,obvious,50765830
bv,385,2,obviously,39656429
bv,385,3,bv,4184866
bv,385,4,subversive,2772592
bv,385,5,subversion,1942292
bv,385,6,obviate,1273328
bv,385,7,subvert,1191824
bv,385,8,obverse,857513
bv,385,9,obviated,673577
bv,385,10,subverted,670004
bv,385,11,lefebvre,653695
bv,385,12,hbv,502925
mf,386,1,comfort,24765373
mf,386,2,comfortable,21454588
mf,386,3,uncomfortable,7829730
mf,386,4,harmful,7711683
mf,386,5,discomfort,6442029
mf,386,6,circumference,4623410
mf,386,7,comfortably,4524020
mf,386,8,imf,4044883
mf,386,9,comforts,3439853
mf,386,10,comforting,2887054
mf,386,11,comforted,2172963
mf,386,12,mf,1387124
wd,387,1,crowd,27183445
wd,387,2,powder,17338537
wd,387,3,crowded,13471491
wd,387,4,crowds,6939848
wd,387,5,shrewd,3622418
wd,387,6,powdered,3371769
wd,387,7,crowding,2707768
wd,387,8,gunpowder,2304201
wd,387,9,powders,2150687
wd,387,10,overcrowded,1425267
wd,387,11,wd,1293613
wd,387,12,overcrowding,1204715
oz,388,1,dozen,20456803
oz,388,2,frozen,12895248
oz,388,3,dozens,5134518
oz,388,4,oz,4439661
oz,388,5,ozone,3983357
oz,388,6,mozart,3943614
oz,388,7,spinoza,2796937
oz,388,8,nozzle,2696983
oz,388,9,mozambique,2231425
oz,388,10,froze,1982394
oz,388,11,mendoza,1479272
oz,388,12,cozy,1246664
yw,389,1,everywhere,27387892
yw,389,2,anyway,18991677
yw,389,3,anywhere,18272500
yw,389,4,hollywood,8500582
yw,389,5,playwright,2815074
yw,389,6,keywords,2244827
yw,389,7,plywood,2008294
yw,389,8,keyword,1960550
yw,389,9,playwrights,1454115
yw,389,10,wayward,1237372
yw,389,11,hayward,1203092
yw,389,12,heywood,982785
kh,390,1,khan,10937949
kh,390,2,stockholders,5616549
kh,390,3,stockholm,5378396
kh,390,4,khrushchev,3057738
kh,390,5,sikh,2367820
kh,390,6,durkheim,2125374
kh,390,7,sikhs,2102627
kh,390,8,sheikh,2091500
kh,390,9,lakhs,1926875
kh,390,10,khz,1872190
kh,390,11,stockholder,1748267
kh,390,12,mikhail,1577051
gd,391,1,kingdom,54451671
gd,391,2,gdp,7267305
gd,391,3,kingdoms,5988532
gd,391,4,ogden,1820037
gd,391,5,gdr,1762481
gd,391,6,gd,1429603
gd,391,7,magdalen,1262615
gd,391,8,wrongdoing,1143158
gd,391,9,magdalene,1122416
gd,391,10,langdon,946190
gd,391,11,abingdon,939851
gd,391,12,huntingdon,936758
bm,392,1,submitted,20929779
bm,392,2,submit,16023321
bm,392,3,submission,9827148
bm,392,4,ibm,6585985
bm,392,5,submarine,5719894
bm,392,6,submerged,4100647
bm,392,7,submitting,2859443
bm,392,8,submarines,2619437
bm,392,9,submissive,1806704
bm,392,10,bm,1600699
bm,392,11,submissions,1347259
bm,392,12,submits,1343249
mr,393,1,mr,39845680
mr,393,2,mrs,16115899
mr,393,3,comrades,6567518
mr,393,4,comrade,4389176
mr,393,5,mrna,3385549
mr,393,6,mri,2792072
mr,393,7,nmr,2480403
mr,393,8,primrose,1092544
mr,393,9,qumran,894130
mr,393,10,comradeship,753249
mr,393,11,amritsar,638246
mr,393,12,mrp,625779
ku,394,1,skull,10011912
ku,394,2,backup,4074773
ku,394,3,ku,3353420
ku,394,4,kuwait,3064874
ku,394,5,kurt,2859857
ku,394,6,pickup,2351712
ku,394,7,kuhn,2175024
ku,394,8,skulls,2084231
ku,394,9,kumar,2000931
ku,394,10,kung,1600608
ku,394,11,markup,1389440
ku,394,12,kuala,1380912
uv,395,1,juvenile,10255254
uv,395,2,vancouver,4254374
uv,395,3,uv,3719498
uv,395,4,maneuver,2925449
uv,395,5,peruvian,2435804
uv,395,6,louvre,2281629
uv,395,7,alluvial,2233960
uv,395,8,maneuvers,1895156
uv,395,9,juveniles,1893348
uv,395,10,nouvelle,1681613
uv,395,11,manoeuvre,1657460
uv,395,12,nouveau,1646345
dt,396,1,width,21237777
dt,396,2,breadth,8738822
dt,396,3,schmidt,5175305
dt,396,4,bandwidth,4750951
dt,396,5,dt,3231522
dt,396,6,humboldt,2312646
dt,396,7,brandt,1826313
dt,396,8,widths,1791746
dt,396,9,rembrandt,1764501
dt,396,10,bedtime,1568325
dt,396,11,ddt,1442224
dt,396,12,hundredth,1299085
hd,397,1,withdrawal,13651083
hd,397,2,withdraw,10358593
hd,397,3,withdrawn,10223898
hd,397,4,birthday,9823035
hd,397,5,withdrew,7366821
hd,397,6,phd,3618610
hd,397,7,withdrawing,3090923
hd,397,8,baghdad,2936464
hd,397,9,archdeacon,1547171
hd,397,10,hd,1502100
hd,397,11,archduke,1430860
hd,397,12,adhd,1383789
aa,398,1,isaac,10013340
aa,398,2,aa,7570778
aa,398,3,aaron,5648327
aa,398,4,transvaal,2531787
aa,398,5,canaan,1974954
aa,398,6,kierkegaard,1881856
aa,398,7,naacp,1711957
aa,398,8,gaas,1664793
aa,398,9,aaa,1638433
aa,398,10,bazaar,1552101
aa,398,11,haas,1307717
aa,398,12,baal,1295760
xx,399,1,xx,7209349
xx,399,2,xxi,4756856
xx,399,3,xxii,4430190
xx,399,4,xxiii,4222034
xx,399,5,xxiv,3655068
xx,399,6,xxv,3117469
xx,399,7,xxx,3085369
xx,399,8,xxvi,2946860
xx,399,9,xxvii,2700922
xx,399,10,xxviii,2521184
xx,399,11,xxix,2160073
xx,399,12,xxxi,1965461
df,400,1,grandfather,13619446
df,400,2,dreadful,8194457
df,400,3,handful,7211656
df,400,4,bedford,4149872
df,400,5,bradford,3839104
df,400,6,df,2535458
df,400,7,needful,2487552
df,400,8,godfrey,2358414
df,400,9,steadfast,1877966
df,400,10,mindful,1855524
df,400,11,pdf,1370098
df,400,12,dreadfully,1144007
db,401,1,feedback,15927349
db,401,2,handbook,12862447
db,401,3,db,5862143
db,401,4,goodbye,3340578
db,401,5,cardboard,3265751
db,401,6,childbirth,2874011
db,401,7,goldberg,2545980
db,401,8,childbearing,1287944
db,401,9,broadband,1280727
db,401,10,handbooks,1154784
db,401,11,standby,1049776
db,401,12,lindbergh,926271
ji,402,1,jim,17561897
ji,402,2,jimmy,7044702
ji,402,3,beijing,5297715
ji,402,4,jill,2679441
ji,402,5,ji,2391386
ji,402,6,fiji,2071404
ji,402,7,meiji,1461171
ji,402,8,gandhiji,1415517
ji,402,9,jin,1345179
ji,402,10,jig,1270809
ji,402,11,jihad,1245518
ji,402,12,jinnah,1206807
kr,403,1,bankruptcy,8948844
kr,403,2,sanskrit,4668014
kr,403,3,krishna,3934210
kr,403,4,ukraine,3907313
kr,403,5,bankrupt,3670450
kr,403,6,ukrainian,3437766
kr,403,7,kramer,2157092
kr,403,8,kremlin,1806482
kr,403,9,kr,1516407
kr,403,10,kraft,1331339
kr,403,11,kruger,1102362
kr,403,12,ramakrishna,1069470
xo,404,1,nixon,9160883
xo,404,2,saxon,8976323
xo,404,3,exotic,5592709
xo,404,4,exodus,4448846
xo,404,5,dixon,3777918
xo,404,6,exogenous,2907518
xo,404,7,saxony,2592730
xo,404,8,saxons,2569332
xo,404,9,taxonomy,2242622
xo,404,10,quixote,1951236
xo,404,11,flexor,1919280
xo,404,12,axons,1891060
cm,405,1,cm,40791022
cm,405,2,macmillan,12528059
cm,405,3,acm,1999444
cm,405,4,cms,1523446
cm,405,5,cmos,1017617
cm,405,6,mcmahon,1012280
cm,405,7,acme,946483
cm,405,8,mcmillan,918917
cm,405,9,scm,755129
cm,405,10,cmv,741250
cm,405,11,cmc,736518
cm,405,12,cmea,683834
zz,406,1,jazz,7119073
zz,406,2,puzzled,5448100
zz,406,3,puzzle,4826397
zz,406,4,fuzzy,4437618
zz,406,5,dazzling,2891260
zz,406,6,nozzle,2696983
zz,406,7,puzzling,2562946
zz,406,8,pizza,2486593
zz,406,9,piazza,2341095
zz,406,10,dizzy,1981179
zz,406,11,muzzle,1912174
zz,406,12,buzz,1879044
nx,407,1,anxiety,30563269
nx,407,2,anxious,23222376
nx,407,3,anxiously,3641655
nx,407,4,anxieties,3497179
nx,407,5,larynx,2788371
nx,407,6,pharynx,2152499
nx,407,7,phalanx,1476999
nx,407,8,bronx,1434133
nx,407,9,sphinx,1220851
nx,407,10,lynx,751270
nx,407,11,nasopharynx,459714
nx,407,12,nx,375328
yg,408,1,oxygen,34022593
yg,408,2,hygiene,6136638
yg,408,3,playground,2720371
yg,408,4,polygon,1991444
yg,408,5,polygamy,1573027
yg,408,6,hygienic,1235898
yg,408,7,bygone,1007279
yg,408,8,polygons,976339
yg,408,9,bodyguard,967640
yg,408,10,homozygous,925007
yg,408,11,playgrounds,908075
yg,408,12,oxygenation,880032
xy,409,1,oxygen,34022593
xy,409,2,orthodoxy,4328565
xy,409,3,proxy,4047183
xy,409,4,galaxy,3308100
xy,409,5,sexy,1623526
xy,409,6,hydroxyl,1603601
xy,409,7,epoxy,1571745
xy,409,8,xy,1092008
xy,409,9,hydroxy,1071730
xy,409,10,oxygenation,880032
xy,409,11,xyz,850358
xy,409,12,paroxysmal,814136
kg,410,1,background,47910118
kg,410,2,kg,15112126
kg,410,3,backgrounds,5374055
kg,410,4,kgb,1244191
kg,410,5,kgs,589032
kg,410,6,workgroup,397589
kg,410,7,ginkgo,304038
kg,410,8,ekg,298528
kg,410,9,blackguard,278564
kg,410,10,backgammon,243256
kg,410,11,workgroups,162276
kg,410,12,pkg,127410
tb,411,1,football,10632968
tb,411,2,outbreak,7456163
tb,411,3,textbook,6246055
tb,411,4,textbooks,5341824
tb,411,5,basketball,4545853
tb,411,6,tbe,3826731
tb,411,7,outburst,2410894
tb,411,8,tb,2364467
tb,411,9,outbreaks,2050334
tb,411,10,outbursts,1497340
tb,411,11,heartbeat,1418288
tb,411,12,setback,1337004
dc,412,1,dc,19464015
dc,412,2,broadcast,9597952
dc,412,3,broadcasting,8196248
dc,412,4,grandchildren,3615412
dc,412,5,broadcasts,2418775
dc,412,6,radcliffe,1497117
dc,412,7,cdc,1419582
dc,412,8,woodcuts,1235950
dc,412,9,broadcasters,1227787
dc,412,10,childcare,1026162
dc,412,11,ldcs,1023916
dc,412,12,grandchild,969564
bd,413,1,abdominal,11208894
bd,413,2,abdomen,7710799
bd,413,3,subdivision,5269626
bd,413,4,subdued,4704817
bd,413,5,bd,3711552
bd,413,6,subdivided,3310722
bd,413,7,subdivisions,2949156
bd,413,8,abdul,2669054
bd,413,9,subdue,2033169
bd,413,10,abd,1995850
bd,413,11,abduction,1901640
bd,413,12,abdullah,1688519
sg,414,1,glasgow,7623952
sg,414,2,disgust,5507903
sg,414,3,disgrace,5470406
sg,414,4,disguise,5328014
sg,414,5,disguised,4343970
sg,414,6,thanksgiving,4122960
sg,414,7,disgusted,2753395
sg,414,8,transgression,2279803
sg,414,9,disgusting,2219081
sg,414,10,misgivings,1964080
sg,414,11,misguided,1924971
sg,414,12,disgraceful,1843087
wy,415,1,lawyer,21493788
wy,415,2,lawyers,15702570
wy,415,3,wyoming,3890465
wy,415,4,shadowy,2741236
wy,415,5,snowy,2260054
wy,415,6,wyatt,1988190
wy,415,7,sawyer,1955518
wy,415,8,showy,1055150
wy,415,9,wyndham,918514
wy,415,10,wylie,762778
wy,415,11,wynne,729374
wy,415,12,selwyn,705642
zy,416,1,enzyme,14713064
zy,416,2,crazy,10449290
zy,416,3,enzymes,9837672
zy,416,4,lazy,4878957
zy,416,5,fuzzy,4437618
zy,416,6,frenzy,2528290
zy,416,7,dizzy,1981179
zy,416,8,enzymatic,1929422
zy,416,9,hazy,1460081
zy,416,10,cozy,1246664
zy,416,11,homozygous,925007
zy,416,12,heterozygous,826188
aq,417,1,iraq,11020505
aq,417,2,aqueous,7010490
aq,417,3,aquatic,4519991
aq,417,4,opaque,3976483
aq,417,5,iraqi,3606541
aq,417,6,aquinas,3310639
aq,417,7,plaque,3230267
aq,417,8,plaques,1789895
aq,417,9,aquarium,1606115
aq,417,10,joaquin,1504002
aq,417,11,aquifer,1360162
aq,417,12,aqueduct,1247118
hf,418,1,faithful,20768896
hf,418,2,youthful,6820116
hf,418,3,faithfully,6013139
hf,418,4,watchful,2462012
hf,418,5,truthful,2290829
hf,418,6,faithfulness,2029851
hf,418,7,hf,1639473
hf,418,8,healthful,1563006
hf,418,9,truthfulness,1285398
hf,418,10,truthfully,1196850
hf,418,11,unfaithful,1122810
hf,418,12,thoroughfare,1063540
cd,419,1,cd,16486815
cd,419,2,macdonald,6171891
cd,419,3,oecd,4407151
cd,419,4,mcdonald,4108185
cd,419,5,anecdotes,3306592
cd,419,6,anecdote,3050891
cd,419,7,cds,1943110
cd,419,8,mcdowell,1520254
cd,419,9,cdc,1419582
cd,419,10,cdna,1396126
cd,419,11,anecdotal,1320516
cd,419,12,ccd,896444
vu,420,1,vulnerable,10443362
vu,420,2,vulgar,6211995
vu,420,3,vulnerability,4833998
vu,420,4,revue,3827332
vu,420,5,convulsions,3246017
vu,420,6,ovulation,1678957
vu,420,7,ovum,1530828
vu,420,8,vulgaris,1381114
vu,420,9,convulsive,1273077
vu,420,10,revulsion,1256373
vu,420,11,vu,1250250
vu,420,12,gustavus,1208039
kw,421,1,backward,13983178
kw,421,2,awkward,6632502
kw,421,3,backwards,5494460
kw,421,4,blackwell,4280887
kw,421,5,kw,2105155
kw,421,6,clockwise,1841438
kw,421,7,awkwardly,1411601
kw,421,8,backwardness,1369142
kw,421,9,blackwood,1255412
kw,421,10,rockwell,1125379
kw,421,11,lockwood,1117922
kw,421,12,awkwardness,958342
zu,422,1,zu,10677689
zu,422,2,zur,8521741
zu,422,3,seizure,6388787
zu,422,4,venezuela,4868187
zu,422,5,seizures,4601508
zu,422,6,zurich,3646978
zu,422,7,zum,3537892
zu,422,8,zulu,1614062
zu,422,9,tzu,1604253
zu,422,10,suzuki,1533354
zu,422,11,azure,1238841
zu,422,12,venezuelan,1194808
bn,423,1,abnormal,14195398
bn,423,2,isbn,8624790
bn,423,3,abnormalities,6629649
bn,423,4,ibn,5364601
bn,423,5,scribner,2759920
bn,423,6,abnormality,2744632
bn,423,7,leibniz,2119765
bn,423,8,obnoxious,1983938
bn,423,9,abnormally,1951097
bn,423,10,bn,1603271
bn,423,11,numbness,1119094
bn,423,12,abner,863489
ih,424,1,likelihood,11220952
ih,424,2,livelihood,3968288
ih,424,3,ihe,3284228
ih,424,4,bihar,2969404
ih,424,5,annihilation,2847624
ih,424,6,shih,2168113
ih,424,7,annihilated,1650298
ih,424,8,ihre,1480138
ih,424,9,ih,1405784
ih,424,10,jihad,1245518
ih,424,11,nih,1096901
ih,424,12,chih,1077244
tg,425,1,mortgage,13347510
tg,425,2,montgomery,7042096
tg,425,3,stuttgart,3434861
tg,425,4,mortgages,3419522
tg,425,5,wittgenstein,3014906
tg,425,6,outgoing,2443047
tg,425,7,mortgagee,1782185
tg,425,8,rutgers,1737003
tg,425,9,shotgun,1725236
tg,425,10,outgrowth,1592294
tg,425,11,tg,1446201
tg,425,12,postgraduate,1381337
xv,426,1,xv,9711449
xv,426,2,xvi,9482351
xv,426,3,xvii,7362503
xv,426,4,xviii,7102035
xv,426,5,xxv,3117469
xv,426,6,xxvi,2946860
xv,426,7,xxvii,2700922
xv,426,8,xxviii,2521184
xv,426,9,xxxv,1417822
xv,426,10,xxxvi,1383475
xv,426,11,xxxvii,1265042
xv,426,12,knoxville,1248618
uz,427,1,puzzled,5448100
uz,427,2,puzzle,4826397
uz,427,3,cruz,4826331
uz,427,4,fuzzy,4437618
uz,427,5,puzzling,2562946
uz,427,6,gauze,2221423
uz,427,7,suzanne,2066880
uz,427,8,muzzle,1912174
uz,427,9,buzz,1879044
uz,427,10,puzzles,1807421
uz,427,11,suzuki,1533354
uz,427,12,buzzing,1294180
bc,428,1,bc,7794346
bc,428,2,abc,5111701
bc,428,3,bbc,3374715
bc,428,4,subcommittee,3353016
bc,428,5,subcutaneous,2939934
bc,428,6,subconscious,2402468
bc,428,7,nbc,1949971
bc,428,8,subculture,1331519
bc,428,9,bce,1157181
bc,428,10,subclass,1035211
bc,428,11,subcontinent,986226
bc,428,12,babcock,943495
xf,429,1,oxford,49518636
xf,429,2,oxfordshire,709699
xf,429,3,wexford,609130
xf,429,4,oxfam,311833
xf,429,5,exfoliation,231369
xf,429,6,xf,222248
xf,429,7,sixfold,200376
xf,429,8,maxfield,179224
xf,429,9,rexford,148098
xf,429,10,exfoliative,129714
xf,429,11,exfoliated,113912
yz,430,1,analyzed,12451354
yz,430,2,analyze,10515734
yz,430,3,analyzing,7356018
yz,430,4,byzantine,5363211
yz,430,5,paralyzed,2493613
yz,430,6,analyzes,1818016
yz,430,7,analyzer,1811499
yz,430,8,byzantium,1564753
yz,430,9,catalyzed,1154539
yz,430,10,xyz,850358
yz,430,11,hydrolyzed,671541
yz,430,12,paralyzing,545673
km,431,1,km,17117313
km,431,2,workmen,8098001
km,431,3,workman,3696215
km,431,4,workmanship,2534742
km,431,5,embankment,1737878
km,431,6,blackmail,1306038
km,431,7,kmt,756633
km,431,8,embankments,716882
km,431,9,kms,657811
km,431,10,hickman,632662
km,431,11,parkman,625944
km,431,12,beckman,606259
dp,432,1,standpoint,9624150
dp,432,2,gdp,7267305
dp,432,3,grandparents,3741659
dp,432,4,dp,2664240
dp,432,5,grandpa,2020281
dp,432,6,midpoint,1225608
dp,432,7,adp,1187667
dp,432,8,endpoint,979809
dp,432,9,undp,931092
dp,432,10,udp,793770
dp,432,11,woodpecker,782969
dp,432,12,wordperfect,768204
lh,433,1,delhi,14065490
lh,433,2,wilhelm,5201193
lh,433,3,calhoun,2954491
lh,433,4,lh,2611490
lh,433,5,silhouette,1744625
lh,433,6,schoolhouse,1203613
lh,433,7,philharmonic,1036772
lh,433,8,pelham,953738
lh,433,9,lhasa,784479
lh,433,10,dalhousie,700062
lh,433,11,girlhood,646941
lh,433,12,teilhard,584799
wf,434,1,awful,10752278
wf,434,2,lawful,8064075
wf,434,3,unlawful,5351572
wf,434,4,crawford,4955722
wf,434,5,newfoundland,3410620
wf,434,6,lawfully,2190090
wf,434,7,awfully,1931791
wf,434,8,sorrowful,1718276
wf,434,9,unlawfully,872334
wf,434,10,newfound,693950
wf,434,11,wf,661723
wf,434,12,snowfall,597996
kf,435,1,breakfast,18365408
kf,435,2,frankfurt,4710211
kf,435,3,workforce,4051001
kf,435,4,thankful,3965462
kf,435,5,frankfort,1772609
kf,435,6,frankfurter,1362900
kf,435,7,workflow,1074852
kf,435,8,thankfully,1052442
kf,435,9,thankfulness,867877
kf,435,10,breakfasts,635313
kf,435,11,brookfield,555863
kf,435,12,breakfasted,552320
pf,436,1,helpful,22671884
pf,436,2,knopf,2817646
pf,436,3,pf,2513003
pf,436,4,stepfather,1079850
pf,436,5,pfeiffer,781035
pf,436,6,campfire,731482
pf,436,7,helpfulness,576420
pf,436,8,worshipful,575620
pf,436,9,kampf,557696
pf,436,10,pfc,491622
pf,436,11,unhelpful,491382
pf,436,12,pfeffer,425951
cf,437,1,cf,28689495
cf,437,2,cfr,1373998
cf,437,3,mcfarland,736468
cf,437,4,cfa,596386
cf,437,5,macfarlane,589246
cf,437,6,cfc,568504
cf,437,7,mcfarlane,492588
cf,437,8,cfs,480981
cf,437,9,mcfadden,418990
cf,437,10,ccf,418925
cf,437,11,cfcs,392322
cf,437,12,pcf,367022
mt,438,1,warmth,10279341
mt,438,2,mt,8459417
mt,438,3,comte,3776089
mt,438,4,dreamt,1414317
mt,438,5,sumter,1191172
mt,438,6,mts,815936
mt,438,7,amt,809868
mt,438,8,kmt,756633
mt,438,9,mtv,563481
mt,438,10,comtesse,522257
mt,438,11,smtp,480311
mt,438,12,binghamton,443459
yu,439,1,yugoslavia,6176290
yu,439,2,yuan,3872977
yu,439,3,yu,3762699
yu,439,4,yugoslav,2567500
yu,439,5,yucatan,1432548
yu,439,6,yukon,1302841
yu,439,7,yunnan,906236
yu,439,8,yusuf,810206
yu,439,9,yung,767760
yu,439,10,yun,733567
yu,439,11,yuri,704919
yu,439,12,kikuyu,670165
cp,440,1,cp,5991859
cp,440,2,cpu,2946868
cp,440,3,tcp,2917978
cp,440,4,ccp,1721286
cp,440,5,naacp,1711957
cp,440,6,cpi,1399789
cp,440,7,cps,1263685
cp,440,8,macpherson,1236028
cp,440,9,mcpherson,1234872
cp,440,10,cpa,1192401
cp,440,11,cpr,1083063
cp,440,12,icp,961300
pb,441,1,campbell,13722310
pb,441,2,pb,3204465
pb,441,3,shipbuilding,2166315
pb,441,4,cupboard,2157279
pb,441,5,upbringing,1956220
pb,441,6,pbs,1434560
pb,441,7,hepburn,959966
pb,441,8,clipboard,955438
pb,441,9,raspberry,952018
pb,441,10,cupboards,823656
pb,441,11,scrapbook,703620
pb,441,12,raspberries,636335
td,442,1,ltd,10229424
td,442,2,outdoor,7003910
td,442,3,litde,2602527
td,442,4,outdoors,2583271
td,442,5,td,1868023
td,442,6,std,1671952
td,442,7,outdated,1463479
td,442,8,shutdown,876818
td,442,9,contd,500954
td,442,10,outdone,489796
td,442,11,outdo,453120
td,442,12,stds,441371
zl,443,1,puzzled,5448100
zl,443,2,puzzle,4826397
zl,443,3,dazzling,2891260
zl,443,4,nozzle,2696983
zl,443,5,puzzling,2562946
zl,443,6,muzzle,1912174
zl,443,7,puzzles,1807421
zl,443,8,dazzled,1205237
zl,443,9,hazlitt,1145680
zl,443,10,grizzly,1093449
zl,443,11,nozzles,878138
zl,443,12,drizzle,715928
sv,444,1,transverse,9995575
sv,444,2,louisville,3205968
sv,444,3,transvaal,2531787
sv,444,4,svo,1945637
sv,444,5,sv,1142618
sv,444,6,transversely,1009320
sv,444,7,charlottesville,960517
sv,444,8,grosvenor,921958
sv,444,9,gainesville,759030
sv,444,10,hsv,680459
sv,444,11,rsv,599950
sv,444,12,brownsville,593847
hc,445,1,forthcoming,7007823
hc,445,2,witchcraft,3875445
hc,445,3,khrushchev,3057738
hc,445,4,healthcare,2886232
hc,445,5,hitchcock,1948002
hc,445,6,hc,1658017
hc,445,7,hcl,1392541
hc,445,8,mhc,1135659
hc,445,9,thc,824318
hc,445,10,nineteenthcentury,805463
hc,445,11,dhcp,736870
hc,445,12,hcg,686005
mg,446,1,mg,27981306
mg,446,2,mgm,1071699
mg,446,3,emg,880000
mg,446,4,mgr,833358
mg,446,5,mgo,650203
mg,446,6,mga,439521
mg,446,7,hmg,359185
mg,446,8,baumgartner,293025
mg,446,9,baumgarten,284947
mg,446,10,mgh,254960
mg,446,11,mgmt,230056
mg,446,12,omg,182654
pw,447,1,upward,15683040
pw,447,2,upwards,8940926
pw,447,3,shipwreck,1315031
pw,447,4,stepwise,982586
pw,447,5,pw,926291
pw,447,6,shipwrecked,817650
pw,447,7,upwelling,579104
pw,447,8,upwardly,379443
pw,447,9,shipwrecks,333048
pw,447,10,sapwood,317462
pw,447,11,upwind,288264
pw,447,12,pulpwood,276980
gf,448,1,meaningful,13061915
gf,448,2,springfield,4701957
gf,448,3,wrongful,2104390
gf,448,4,longfellow,1693787
gf,448,5,siegfried,1559724
gf,448,6,meaningfully,942815
gf,448,7,wrongfully,832545
gf,448,8,gf,831574
gf,448,9,igf,677719
gf,448,10,wallingford,539479
gf,448,11,tgf,504366
gf,448,12,langford,500682
pd,449,1,update,7521018
pd,449,2,updated,5059032
pd,449,3,pd,3312296
pd,449,4,updates,2529518
pd,449,5,updating,2236952
pd,449,6,pdf,1370098
pd,449,7,spd,1173254
pd,449,8,hampden,910474
pd,449,9,pda,600827
pd,449,10,copd,589370
pd,449,11,pds,527847
pd,449,12,pdp,493670
pn,450,1,pneumonia,5647155
pn,450,2,hypnosis,2524582
pn,450,3,hypnotic,2090068
pn,450,4,pn,1790981
pn,450,5,pneumatic,1760813
pn,450,6,sharpness,1444195
pn,450,7,dyspnea,1171196
pn,450,8,apnea,933324
pn,450,9,pneumothorax,888314
pn,450,10,dampness,782734
pn,450,11,cheapness,774199
pn,450,12,shrapnel,735497
pc,451,1,pc,9697251
pc,451,2,pcr,2668635
pc,451,3,pcs,1744423
pc,451,4,upcoming,1711022
pc,451,5,pci,1121798
pc,451,6,popcorn,987346
pc,451,7,pca,859642
pc,451,8,pcb,820351
pc,451,9,pcp,646594
pc,451,10,npc,610717
pc,451,11,apc,602749
pc,451,12,cpc,587173
rx,452,1,marx,15043459
rx,452,2,marxist,7598477
rx,452,3,marxism,5458717
rx,452,4,marxists,1609414
rx,452,5,marxian,1280972
rx,452,6,xerxes,853070
rx,452,7,rx,761248
rx,452,8,artaxerxes,385256
tv,453,1,tv,20158884
tv,453,2,latvia,1392800
tv,453,3,westview,1356172
tv,453,4,bodhisattva,1033912
tv,453,5,tva,794892
tv,453,6,latvian,775330
tv,453,7,mtv,563481
tv,453,8,bodhisattvas,448408
tv,453,9,tvs,426316
tv,453,10,tversky,329290
tv,453,11,litvinov,324171
tv,453,12,itv,320698
ij,454,1,beijing,5297715
ij,454,2,elijah,3104057
ij,454,3,marijuana,2895281
ij,454,4,fiji,2071404
ij,454,5,meiji,1461171
ij,454,6,gandhiji,1415517
ij,454,7,ij,1399127
ij,454,8,azerbaijan,906679
ij,454,9,dijon,767240
ij,454,10,nijhoff,609795
ij,454,11,fijian,576767
ij,454,12,harijan,491675
wm,455,1,newman,6733342
wm,455,2,wm,5081634
wm,455,3,endowment,4541607
wm,455,4,endowments,2293246
wm,455,5,bowman,2021418
wm,455,6,sawmill,943742
wm,455,7,lawmakers,900849
wm,455,8,rowman,509348
wm,455,9,plowman,487526
wm,455,10,newmarket,483834
wm,455,11,sawmills,454445
wm,455,12,lawmaking,453771
uh,456,1,muhammad,6516806
uh,456,2,uh,3239054
uh,456,3,huh,2461239
uh,456,4,kuhn,2175024
uh,456,5,niebuhr,1230289
uh,456,6,ruhr,958874
uh,456,7,mcluhan,686992
uh,456,8,farquhar,610874
uh,456,9,karlsruhe,565817
uh,456,10,bauhaus,555353
uh,456,11,muhammadan,510909
uh,456,12,fuhrer,497392
wk,457,1,awkward,6632502
wk,457,2,hawk,4889648
wk,457,3,hawkins,3526256
wk,457,4,hawks,1949011
wk,457,5,awkwardly,1411601
wk,457,6,mohawk,1316161
wk,457,7,awkwardness,958342
wk,457,8,wk,831798
wk,457,9,hawking,769150
wk,457,10,hawke,703479
wk,457,11,hawkes,693397
wk,457,12,tomahawk,623004
wb,458,1,newborn,5029804
wb,458,2,cowboy,2873649
wb,458,3,drawback,2309720
wb,458,4,drawbacks,2275342
wb,458,5,strawberry,2191384
wb,458,6,strawberries,1781227
wb,458,7,cowboys,1571926
wb,458,8,wb,1400644
wb,458,9,newbury,1376613
wb,458,10,newborns,1017588
wb,458,11,newberry,645035
wb,458,12,mowbray,591013
bh,459,1,sabha,2238009
bh,459,2,abhorrence,1221926
bh,459,3,gmbh,982022
bh,459,4,bhakti,936966
bh,459,5,mahabharata,918692
bh,459,6,abhorred,843338
bh,459,7,bhutan,803185
bh,459,8,bh,780106
bh,459,9,abhor,723214
bh,459,10,clubhouse,697598
bh,459,11,bhutto,668708
bh,459,12,bharat,638930
oq,460,1,eloquence,5969303
oq,460,2,eloquent,5132057
oq,460,3,baroque,3233633
oq,460,4,iroquois,2871131
oq,460,5,colloquial,1497646
oq,460,6,eloquently,1428468
oq,460,7,soliloquy,795767
oq,460,8,colloquium,657625
oq,460,9,quoque,522022
oq,460,10,colloquy,493356
oq,460,11,croquet,414929
oq,460,12,obloquy,372994
kt,461,1,desktop,3454926
kt,461,2,breakthrough,2792718
kt,461,3,cocktail,2202446
kt,461,4,stockton,1474630
kt,461,5,phytoplankton,1374660
kt,461,6,plankton,1351694
kt,461,7,kt,1337637
kt,461,8,yorktown,944925
kt,461,9,bhakti,936966
kt,461,10,zooplankton,773797
kt,461,11,breakthroughs,721407
kt,461,12,cocktails,717404
rq,462,1,marquis,7120452
rq,462,2,torque,4509050
rq,462,3,albuquerque,2058666
rq,462,4,turquoise,1243403
rq,462,5,marquess,1016267
rq,462,6,marquette,944956
rq,462,7,marques,777957
rq,462,8,marquise,741847
rq,462,9,porque,721224
rq,462,10,farquhar,610874
rq,462,11,marquez,539497
rq,462,12,perquisites,504882
kb,463,1,backbone,3097061
kb,463,2,kb,2432968
kb,463,3,akbar,1794747
kb,463,4,workbook,1780155
kb,463,5,blackboard,1595125
kb,463,6,blackburn,1418497
kb,463,7,cockburn,749804
kb,463,8,blackbird,685496
kb,463,9,cookbook,669227
kb,463,10,blackberry,630833
kb,463,11,cheekbones,578117
kb,463,12,chalkboard,560346
cg,464,1,mcgraw,7164039
cg,464,2,ecg,1595031
cg,464,3,mcgill,1426141
cg,464,4,cg,1357990
cg,464,5,mcguire,1177958
cg,464,6,mcgee,1037624
cg,464,7,macgregor,1036443
cg,464,8,mcgregor,998392
cg,464,9,mcgovern,868037
cg,464,10,mcgrath,833254
cg,464,11,hcg,686005
cg,464,12,cgi,653018
vr,465,1,louvre,2281629
vr,465,2,livres,1799649
vr,465,3,manoeuvre,1657460
vr,465,4,vr,1304707
vr,465,5,manoeuvres,1279491
vr,465,6,livre,1217321
vr,465,7,oeuvre,1103663
vr,465,8,oeuvres,1001731
vr,465,9,havre,914625
vr,465,10,chevrolet,838028
vr,465,11,vries,817907
vr,465,12,lefebvre,653695
cn,466,1,picnic,3551685
cn,466,2,cns,3076883
cn,466,3,cn,2907521
cn,466,4,mcnamara,1431798
cn,466,5,acne,1202494
cn,466,6,cnn,1000311
cn,466,7,mcnally,935332
cn,466,8,picnics,698785
cn,466,9,mcneill,692883
cn,466,10,mcneil,640115
cn,466,11,gastrocnemius,417822
cn,466,12,mcnair,399434
pk,467,1,hopkins,9546577
pk,467,2,napkin,1465207
pk,467,3,pumpkin,1447191
pk,467,4,pk,1381900
pk,467,5,shopkeepers,1378442
pk,467,6,upkeep,1039396
pk,467,7,shopkeeper,898523
pk,467,8,tompkins,877760
pk,467,9,napkins,789899
pk,467,10,pumpkins,576600
pk,467,11,hopkinson,457642
pk,467,12,pki,456735
uu,468,1,vacuum,12397257
uu,468,2,continuum,6132264
uu,468,3,residuum,456641
uu,468,4,suum,451539
uu,468,5,weltanschauung,387979
uu,468,6,uu,348907
uu,468,7,equus,245991
uu,468,8,tuum,205356
uu,468,9,quum,184549
uu,468,10,instituut,175472
uu,468,11,suu,148146
uu,468,12,uucp,137073
yf,469,1,joyful,3038284
yf,469,2,boyfriend,2460826
yf,469,3,playful,2457594
yf,469,4,joyfully,1314686
yf,469,5,dreyfus,1178054
yf,469,6,twentyfive,1010138
yf,469,7,playfully,912996
yf,469,8,twentyfour,825921
yf,469,9,mayflower,772701
yf,469,10,crayfish,737493
yf,469,11,playfulness,597935
yf,469,12,mayfield,496721
wp,470,1,viewpoint,8205362
wp,470,2,newport,3714482
wp,470,3,viewpoints,2502195
wp,470,4,cowper,1619240
wp,470,5,wp,1058962
wp,470,6,wpa,787007
wp,470,7,viewport,438764
wp,470,8,blowpipe,344619
wp,470,9,cowpea,257836
wp,470,10,twp,213457
wp,470,11,viewports,168195
wp,470,12,cowperwood,156278
cz,471,1,czech,5354677
cz,471,2,czechoslovakia,5005783
cz,471,3,czar,2397386
cz,471,4,czechoslovak,1679401
cz,471,5,eczema,1298800
cz,471,6,czechs,1235215
cz,471,7,gollancz,409052
cz,471,8,czarist,378683
cz,471,9,cz,314395
cz,471,10,ferenczi,305011
cz,471,11,czecho,270957
cz,471,12,mickiewicz,227546
kp,472,1,workplace,6785084
kp,472,2,cockpit,1737432
kp,472,3,kirkpatrick,1014104
kp,472,4,workplaces,857418
kp,472,5,kpa,797305
kp,472,6,backpack,795758
kp,472,7,workpiece,770077
kp,472,8,checkpoint,769867
kp,472,9,kp,753333
kp,472,10,stockpile,461573
kp,472,11,checkpoints,410811
kp,472,12,breakpoint,382074
dq,473,1,headquarters,18143259
dq,473,2,headquartered,496603
dq,473,3,dq,412178
dq,473,4,lindquist,233611
dq,473,5,hindquarters,231194
dq,473,6,headquarter,174637
dq,473,7,sundquist,126489
dq,473,8,lundquist,109929
wu,474,1,swung,6695422
wu,474,2,wu,4218003
wu,474,3,wurde,1417870
wu,474,4,beowulf,880694
wu,474,5,wurden,847689
wu,474,6,wundt,590036
wu,474,7,followup,559651
wu,474,8,wuz,453292
wu,474,9,wuhan,382036
wu,474,10,wurzburg,315148
wu,474,11,wulf,305881
wu,474,12,wuthering,304889
fm,475,1,hoffman,3754920
fm,475,2,fm,3326644
fm,475,3,kaufman,2007929
fm,475,4,hoffmann,1904954
fm,475,5,kaufmann,1194966
fm,475,6,goffman,846435
fm,475,7,hofmann,814448
fm,475,8,fms,505682
fm,475,9,afm,501342
fm,475,10,kauffman,469335
fm,475,11,huffman,416274
fm,475,12,dorfman,332722
wc,476,1,newcastle,4493454
wc,476,2,newcomers,2961034
wc,476,3,wc,2236560
wc,476,4,newcomer,1772052
wc,476,5,fawcett,1082720
wc,476,6,flowchart,832571
wc,476,7,newcomb,811206
wc,476,8,showcase,793850
wc,476,9,wch,391954
wc,476,10,ywca,355947
wc,476,11,newco,293311
wc,476,12,wcc,248198
md,477,1,md,7730845
md,477,2,camden,2649906
md,477,3,amd,714703
md,477,4,cmd,648991
md,477,5,nmda,499560
md,477,6,mds,487339
md,477,7,humdrum,464405
md,477,8,bmd,396957
md,477,9,majumdar,340521
md,477,10,mda,334123
md,477,11,wmd,323612
md,477,12,emden,323517
kd,478,1,breakdown,9895185
kd,478,2,backdrop,1957604
kd,478,3,kd,1159460
kd,478,4,breakdowns,956609
kd,478,5,kda,943296
kd,478,6,weekdays,711334
kd,478,7,weekday,636873
kd,478,8,workday,552517
kd,478,9,mukden,363502
kd,478,10,crackdown,359751
kd,478,11,stockdale,237680
kd,478,12,backdoor,180909
zh,479,1,alzheimer,2798883
zh,479,2,zhang,2729535
zh,479,3,zhou,1616611
zh,479,4,brezhnev,1164246
zh,479,5,zhu,954013
zh,479,6,zhao,940579
zh,479,7,zheng,559075
zh,479,8,zhongguo,552249
zh,479,9,solzhenitsyn,548093
zh,479,10,guangzhou,514801
zh,479,11,fitzhugh,471832
zh,479,12,zhi,410124
gw,480,1,hemingway,2435583
gw,480,2,sedgwick,1246823
gw,480,3,gwen,1107953
gw,480,4,collingwood,870795
gw,480,5,gw,852271
gw,480,6,wedgwood,808105
gw,480,7,gangway,579940
gw,480,8,ridgway,550609
gw,480,9,sidgwick,544830
gw,480,10,wigwam,512044
gw,480,11,dogwood,457633
gw,480,12,gwalior,441722
rz,481,1,curzon,1394342
rz,481,2,schwarz,1242890
rz,481,3,mirza,976532
rz,481,4,herzog,934359
rz,481,5,herzegovina,839937
rz,481,6,sforza,745100
rz,481,7,herzl,713637
rz,481,8,tarzan,596814
rz,481,9,herzen,494372
rz,481,10,schurz,491101
rz,481,11,herz,478748
rz,481,12,scherzo,462655
cb,482,1,macbeth,2998019
cb,482,2,cb,2694639
cb,482,3,cbs,2675133
cb,482,4,mcbride,942740
cb,482,5,cbc,842168
cb,482,6,pcb,820351
cb,482,7,pcbs,585946
cb,482,8,cbd,577798
cb,482,9,cbt,493832
cb,482,10,cbi,458544
cb,482,11,cba,439171
cb,482,12,ecb,350452
iw,483,1,taiwan,8982408
iw,483,2,taiwanese,1056819
iw,483,3,handiwork,914391
iw,483,4,antiwar,778891
iw,483,5,diwan,434276
iw,483,6,fujiwara,409313
iw,483,7,iww,397081
iw,483,8,iw,388587
iw,483,9,iwo,371309
iw,483,10,halliwell,320522
iw,483,11,meriwether,320472
iw,483,12,biweekly,318609
xl,484,1,huxley,2976514
xl,484,2,xl,2505714
xl,484,3,axle,2272323
xl,484,4,xli,893242
xl,484,5,xlii,827418
xl,484,6,xliii,781494
xl,484,7,xliv,772664
xl,484,8,xlv,770748
xl,484,9,axles,673435
xl,484,10,xlix,645432
xl,484,11,xlvi,607909
xl,484,12,xlviii,604862
hp,485,1,hp,3298570
hp,485,2,birthplace,2199388
hp,485,3,throughput,1936872
hp,485,4,mouthpiece,1226724
hp,485,5,hplc,1153548
hp,485,6,php,710388
hp,485,7,toothpaste,665043
hp,485,8,hpv,517782
hp,485,9,toothpick,414980
hp,485,10,hpa,413431
hp,485,11,jodhpur,366454
hp,485,12,thp,346857
mw,486,1,cromwell,6271611
mw,486,2,mw,2540547
mw,486,3,teamwork,1548689
mw,486,4,bmw,640102
mw,486,5,tramway,634221
mw,486,6,dreamweaver,544007
mw,486,7,tramways,485313
mw,486,8,wormwood,431218
mw,486,9,farmworkers,304385
mw,486,10,stormwater,245005
mw,486,11,bramwell,228081
mw,486,12,firmware,221095
vs,487,1,vs,5469042
vs,487,2,slavs,1445907
vs,487,3,dostoevsky,1373227
vs,487,4,tchaikovsky,717387
vs,487,5,cvs,471209
vs,487,6,dostoyevsky,448460
vs,487,7,tvs,426316
vs,487,8,yugoslavs,349336
vs,487,9,revs,310087
vs,487,10,stanislavsky,292948
vs,487,11,mayakovsky,279696
vs,487,12,litovsk,273278
fc,488,1,fc,3143525
fc,488,2,fcc,2438378
fc,488,3,briefcase,1278512
fc,488,4,rfc,892912
fc,488,5,fcap,829132
fc,488,6,cfc,568504
fc,488,7,fcp,509184
fc,488,8,pfc,491622
fc,488,9,ifc,432180
fc,488,10,cfcs,392322
fc,488,11,sfc,353347
fc,488,12,afc,332261
rj,489,1,rj,2476748
rj,489,2,marjorie,2034444
rj,489,3,perjury,1556273
rj,489,4,arjuna,901229
rj,489,5,overjoyed,841310
rj,489,6,serjeant,825927
rj,489,7,interjected,678525
rj,489,8,mukherjee,600031
rj,489,9,chatterjee,591630
rj,489,10,banerjee,542273
rj,489,11,darjeeling,395549
rj,489,12,nagarjuna,346891
bp,490,1,bp,4386037
bp,490,2,subpoena,1207395
bp,490,3,subparagraph,988210
bp,490,4,subpart,636827
bp,490,5,mbps,631554
bp,490,6,kbps,498870
bp,490,7,bps,495606
bp,490,8,subprogram,458667
bp,490,9,subpopulations,414708
bp,490,10,bpd,358023
bp,490,11,subpoenas,348555
bp,490,12,bpm,293626
mh,491,1,mhz,2865938
mh,491,2,amherst,2291121
mh,491,3,farmhouse,1755002
mh,491,4,mh,1429165
mh,491,5,mhc,1135659
mh,491,6,helmholtz,1131043
mh,491,7,mmhg,808408
mh,491,8,farmhouses,437333
mh,491,9,mhs,317856
mh,491,10,mhd,308251
mh,491,11,nimh,280474
mh,491,12,narasimha,267131
hh,492,1,withheld,3635504
hh,492,2,withholding,3445388
hh,492,3,withhold,2805132
hh,492,4,hh,1057994
hh,492,5,kirchhoff,480141
hh,492,6,withholds,323538
hh,492,7,beachhead,314494
hh,492,8,hhs,311717
hh,492,9,bathhouse,300386
hh,492,10,shh,231714
hh,492,11,dhhs,230685
hh,492,12,ahh,183465
yh,493,1,anyhow,3485662
yh,493,2,boyhood,2857097
yh,493,3,playhouse,1075873
yh,493,4,greyhound,882875
yh,493,5,mayhew,753904
yh,493,6,yhwh,715636
yh,493,7,keyhole,488393
yh,493,8,mayhem,471724
yh,493,9,policyholders,410380
yh,493,10,policyholder,365202
yh,493,11,mayhap,288589
yh,493,12,polyhedral,274507
uj,494,1,gujarat,2341345
uj,494,2,toujours,1083314
uj,494,3,trujillo,840490
uj,494,4,gujarati,663471
uj,494,5,fuji,658226
uj,494,6,sujet,541112
uj,494,7,uj,516170
uj,494,8,hallelujah,491927
uj,494,9,mujer,464304
uj,494,10,puja,462175
uj,494,11,fujiwara,409313
uj,494,12,ramanuja,393243
fg,495,1,afghanistan,5880360
fg,495,2,afghan,2472372
fg,495,3,wolfgang,2420891
fg,495,4,afghans,821794
fg,495,5,fg,746129
fg,495,6,selfgovernment,433381
fg,495,7,mfg,225811
fg,495,8,fgf,210885
fg,495,9,aufgabe,185491
fg,495,10,afghani,182214
fg,495,11,dfg,131201
fg,495,12,aufgaben,128850
fd,496,1,fda,2909674
fd,496,2,fdi,1868565
fd,496,3,fdr,1417318
fd,496,4,fd,1146162
fd,496,5,serfdom,1011027
fd,496,6,afdc,869545
fd,496,7,affd,453028
fd,496,8,fdic,445839
fd,496,9,selfdetermination,412486
fd,496,10,fdp,308497
fd,496,11,chiefdoms,306449
fd,496,12,fddi,272321
gb,497,1,rugby,1605215
gb,497,2,gb,1576023
gb,497,3,bolingbroke,1275819
gb,497,4,kgb,1244191
gb,497,5,digby,933778
gb,497,6,igbo,739021
gb,497,7,rgb,615133
gb,497,8,springboard,551006
gb,497,9,egbert,515997
gb,497,10,rigby,507886
gb,497,11,hummingbird,417238
gb,497,12,hummingbirds,298016
pg,498,1,pg,2872201
pg,498,2,upgrade,2079344
pg,498,3,upgrading,1759528
pg,498,4,upgraded,979485
pg,498,5,campground,939832
pg,498,6,upgrades,497858
pg,498,7,pga,456202
pg,498,8,campgrounds,362119
pg,498,9,lpg,289852
pg,498,10,pgs,259029
pg,498,11,mpg,257985
pg,498,12,cpg,255163
tk,499,1,atkinson,2685655
tk,499,2,watkins,1989915
tk,499,3,atkins,1295149
tk,499,4,tk,1009563
tk,499,5,aitken,632233
tk,499,6,moltke,610982
tk,499,7,tke,508731
tk,499,8,sitka,504486
tk,499,9,schottky,414948
tk,499,10,kamchatka,388982
tk,499,11,kropotkin,356347
tk,499,12,nootka,341826
kk,500,1,bookkeeping,1456767
kk,500,2,dekker,1292118
kk,500,3,bookkeeper,796421
kk,500,4,nikki,744265
kk,500,5,hokkaido,726159
kk,500,6,sikkim,670377
kk,500,7,kk,567025
kk,500,8,bakker,375973
kk,500,9,trekking,367325
kk,500,10,akkadian,367014
kk,500,11,habakkuk,330686
kk,500,12,bakke,314984
hq,501,1,earthquake,6887538
hq,501,2,earthquakes,3410595
hq,501,3,hq,1102839
hq,501,4,ghq,320997
hq,501,5,highquality,203384
fn,502,1,stiffness,4046048
fn,502,2,fn,2246376
fn,502,3,deafness,2106939
fn,502,4,ifn,764411
fn,502,5,aloofness,606587
fn,502,6,mfn,319675
fn,502,7,jaffna,293729
fn,502,8,hafner,269168
fn,502,9,hefner,212739
fn,502,10,schaffner,191570
fn,502,11,gaffney,179386
fn,502,12,hafnium,135698
lz,503,1,alzheimer,2798883
lz,503,2,balzac,1668203
lz,503,3,salzburg,1059325
lz,503,4,schulz,898833
lz,503,5,schulze,555223
lz,503,6,solzhenitsyn,548093
lz,503,7,selznick,416144
lz,503,8,walzer,389629
lz,503,9,scholz,308698
lz,503,10,lz,273446
lz,503,11,beelzebub,263056
lz,503,12,sulzer,244108
vl,504,1,vladimir,2824104
vl,504,2,vl,1316502
vl,504,3,pavlov,944761
vl,504,4,devlin,880757
vl,504,5,vlsi,645024
vl,504,6,vladivostok,533488
vl,504,7,servlet,466228
vl,504,8,vldl,273890
vl,504,9,vlan,251365
vl,504,10,vll,232249
vl,504,11,pavlovian,231824
vl,504,12,pavlova,207213
gp,505,1,gp,1901401
gp,505,2,gps,1731034
gp,505,3,gpa,1391086
gp,505,4,gpo,858558
gp,505,5,nagpur,724155
gp,505,6,eggplant,686283
gp,505,7,magpie,501528
gp,505,8,gpm,329655
gp,505,9,bgp,301418
gp,505,10,magpies,236920
gp,505,11,flagpole,233272
gp,505,12,bagpipes,230954
hz,506,1,hz,4310709
hz,506,2,mhz,2865938
hz,506,3,khz,1872190
hz,506,4,ghz,1374661
hz,506,5,thz,164433
hz,506,6,gleichzeitig,142051
dk,507,1,handkerchief,4008530
dk,507,2,vodka,1223863
dk,507,3,handkerchiefs,1060979
dk,507,4,dk,1029760
dk,507,5,ambedkar,664962
dk,507,6,recordkeeping,344335
dk,507,7,adkins,320909
dk,507,8,bodkin,210565
dk,507,9,godkin,207269
dk,507,10,sdk,202834
dk,507,11,jdk,114494
dk,507,12,yadkin,105527
yk,508,1,dyke,1688643
yk,508,2,sykes,1167520
yk,508,3,dykes,1052230
yk,508,4,shaykh,615829
yk,508,5,masaryk,516039
yk,508,6,maryknoll,379000
yk,508,7,reykjavik,356490
yk,508,8,stryker,348863
yk,508,9,gromyko,331537
yk,508,10,bradykinin,286230
yk,508,11,hyksos,280847
yk,508,12,vandyke,217072
qi,509,1,iraqi,3606541
qi,509,2,qi,1596462
qi,509,3,qing,1245303
qi,509,4,iraqis,687873
qi,509,5,qin,514380
qi,509,6,qian,422527
qi,509,7,chongqing,194309
qi,509,8,qinghai,165129
qi,509,9,qiu,153349
qi,509,10,qiao,132912
qi,509,11,qigong,129409
qi,509,12,qid,106423
lx,510,1,lx,1061147
lx,510,2,lxx,992232
lx,510,3,lxi,351011
lx,510,4,lxiii,338892
lx,510,5,lxii,333656
lx,510,6,lxvi,333061
lx,510,7,lxv,300238
lx,510,8,lxiv,295647
lx,510,9,lxviii,289243
lx,510,10,lxvii,283594
lx,510,11,lxix,254675
lx,510,12,lxxi,240619
vd,511,1,dvd,1574133
vd,511,2,blvd,1448201
vd,511,3,pravda,1364940
vd,511,4,vd,803904
vd,511,5,cvd,616075
vd,511,6,revd,553821
vd,511,7,nkvd,402456
vd,511,8,dvds,308184
vd,511,9,mvd,155226
vd,511,10,svd,154018
vd,511,11,vdt,148560
vd,511,12,vdc,147087
zs,512,1,nietzsche,5971592
zs,512,2,nietzschean,339617
zs,512,3,zs,332525
zs,512,4,kyrgyzstan,275431
zs,512,5,weizsacker,212921
zs,512,6,fitzsimmons,212914
zs,512,7,schwarzschild,199895
zs,512,8,ozs,192567
zs,512,9,delitzsch,175508
zs,512,10,balazs,133345
zs,512,11,jozsef,130815
zs,512,12,fitzsimons,117769
bw,513,1,zimbabwe,2736795
bw,513,2,subway,2123543
bw,513,3,bw,781610
bw,513,4,cobwebs,568026
bw,513,5,subways,374347
bw,513,6,ojibwa,343711
bw,513,7,cobweb,329279
bw,513,8,abwehr,240092
bw,513,9,zimbabwean,234880
bw,513,10,ojibway,178730
bw,513,11,bwana,156805
bw,513,12,obwohl,148375
xq,514,1,exquisite,6366109
xq,514,2,exquisitely,1679644
xq,514,3,xq,179783
mv,515,1,mv,2698733
mv,515,2,circumvent,1251269
mv,515,3,cmv,741250
mv,515,4,triumvirate,608295
mv,515,5,circumvented,521337
mv,515,6,circumventing,334476
mv,515,7,mvp,276116
mv,515,8,circumvention,215435
mv,515,9,tmv,210895
mv,515,10,mva,201606
mv,515,11,mvs,198436
mv,515,12,quamvis,164320
uw,516,1,kuwait,3064874
uw,516,2,kluwer,1637554
uw,516,3,kuwaiti,436973
uw,516,4,uw,428373
uw,516,5,brouwer,367701
uw,516,6,leeuwenhoek,242298
uw,516,7,leeuwen,219779
uw,516,8,uwe,203394
uw,516,9,leeuw,200853
uw,516,10,nieuwe,198732
uw,516,11,pauw,134912
uw,516,12,eeuw,122252
hg,517,1,hg,3429182
hg,517,2,thoroughgoing,842439
hg,517,3,mmhg,808408
hg,517,4,linlithgow,342214
hg,517,5,highgate,335312
hg,517,6,ashgate,329837
hg,517,7,kashgar,214254
hg,517,8,southgate,210419
hg,517,9,hgh,185110
hg,517,10,churchgoers,171122
hg,517,11,ghg,170097
hg,517,12,shg,155101
fb,518,1,fbi,5034035
fb,518,2,fb,779149
fb,518,3,fbis,492418
fb,518,4,afb,427126
fb,518,5,aufbau,242448
fb,518,6,offbeat,202902
fb,518,7,fbs,164707
fb,518,8,halfback,160587
fb,518,9,fbr,121249
fb,518,10,surfboard,106221
sj,519,1,sj,1827072
sj,519,2,disjunction,904847
sj,519,3,disjointed,815729
sj,519,4,disjunctive,642149
sj,519,5,disjoint,539187
sj,519,6,misjudged,458058
sj,519,7,masjid,401577
sj,519,8,transjordan,394975
sj,519,9,sjogren,333858
sj,519,10,disjunct,200128
sj,519,11,disjunctions,160027
sj,519,12,misjudge,148548
ww,520,1,www,2324227
ww,520,2,ww,1193052
ww,520,3,wwii,450841
ww,520,4,iww,397081
ww,520,5,wwf,313986
ww,520,6,powwow,191572
ww,520,7,wwi,182633
gk,521,1,bangkok,2585899
gk,521,2,hodgkin,1568895
gk,521,3,hongkong,896868
gk,521,4,gk,609890
gk,521,5,chungking,505651
gk,521,6,angkor,376964
gk,521,7,hodgkinson,231211
gk,521,8,minangkabau,169931
gk,521,9,lovingkindness,147193
gk,521,10,chulalongkorn,138820
gk,521,11,hodgkins,107572
uq,522,1,albuquerque,2058666
uq,522,2,bouquet,1776877
uq,522,3,dubuque,647241
uq,522,4,bouquets,578001
uq,522,5,duquesne,541657
uq,522,6,chautauqua,500208
uq,522,7,fouquet,294889
uq,522,8,duque,188397
uq,522,9,fauquier,169453
uq,522,10,auquel,142559
uq,522,11,huq,117064
uq,522,12,uq,114216
bg,523,1,subgroups,2051501
bg,523,2,subgroup,1926970
bg,523,3,bg,862262
bg,523,4,subgenus,318141
bg,523,5,bgp,301418
bg,523,6,subgrade,272321
bg,523,7,pbgc,202352
bg,523,8,subgraph,183186
bg,523,9,cabg,180112
bg,523,10,subgoals,177423
bg,523,11,subgoal,137830
bg,523,12,subglottic,136701
sz,524,1,liszt,1525944
sz,524,2,warszawa,546974
sz,524,3,laszlo,407851
sz,524,4,sz,390710
sz,524,5,grosz,328748
sz,524,6,tadeusz,288777
sz,524,7,szabo,271325
sz,524,8,szechwan,268425
sz,524,9,szasz,263762
sz,524,10,tisza,232121
sz,524,11,szechuan,213709
sz,524,12,szilard,205133
jr,525,1,jr,5187118
jr,525,2,ajr,333791
jr,525,3,vajra,284988
jr,525,4,bajra,150485
jr,525,5,vajrayana,143310
jr,525,6,hijra,132751
jr,525,7,gujrat,129412
jr,525,8,jrs,126805
jr,525,9,rjr,122563
jr,525,10,jra,119856
jr,525,11,jrom,115499
ql,526,1,sql,5120171
ql,526,2,mysql,632864
ql,526,3,ql,582292
ql,526,4,qld,257878
ql,526,5,aql,115714
zt,527,1,aztec,1799219
zt,527,2,liszt,1525944
zt,527,3,aztecs,1053511
zt,527,4,jetzt,370026
zt,527,5,letzten,311546
zt,527,6,azt,264450
zt,527,7,ztschr,256966
zt,527,8,zt,250225
zt,527,9,aztlan,165032
zt,527,10,letzte,144962
zt,527,11,pzt,138008
zt,527,12,biztalk,130465
hk,528,1,pushkin,1264644
hk,528,2,hk,841778
hk,528,3,tashkent,546579
hk,528,4,hotchkiss,401013
hk,528,5,poughkeepsie,368024
hk,528,6,ashkenazi,334727
hk,528,7,thk,307830
hk,528,8,rothko,258938
hk,528,9,wirklichkeit,218895
hk,528,10,oshkosh,213148
hk,528,11,treitschke,208604
hk,528,12,roethke,190797
vc,529,1,vc,1907542
vc,529,2,pvc,1223370
vc,529,3,vcr,748774
vc,529,4,vch,317335
vc,529,5,vcrs,265295
vc,529,6,svc,214038
vc,529,7,vcc,211048
vc,529,8,ivc,204034
vc,529,9,vco,193836
vc,529,10,avc,184060
vc,529,11,cvc,180131
vc,529,12,vcs,170613
xm,530,1,xml,4225570
xm,530,2,xm,880737
xm,530,3,waxman,266867
xm,530,4,flaxman,249196
xm,530,5,xmas,192210
xm,530,6,uxmal,143995
xm,530,7,exmoor,137495
xm,530,8,exmouth,136926
xm,530,9,proxmire,119604
xm,530,10,laxmi,116489
xm,530,11,xxm,100133
gc,531,1,gc,2378773
gc,531,2,ngc,495162
gc,531,3,workingclass,420208
gc,531,4,gcc,373004
gc,531,5,agc,263464
gc,531,6,gcs,242355
gc,531,7,ugc,208740
gc,531,8,gcm,205830
gc,531,9,agcl,205434
gc,531,10,pbgc,202352
gc,531,11,hangchow,196599
gc,531,12,gcse,195658
fw,532,1,halfway,5139581
fw,532,2,fw,621181
fw,532,3,fwhm,262022
fw,532,4,briefwechsel,172562
fw,532,5,fws,129416
fw,532,6,ofwar,126749
pz,533,1,leipzig,5724526
pz,533,2,pz,247799
pz,533,3,hepzibah,164684
pz,533,4,pzt,138008
pz,533,5,leipziger,107183
kc,534,1,kcal,1399700
kc,534,2,kc,1216227
kc,534,3,bookcase,686724
kc,534,4,backcountry,421267
kc,534,5,crankcase,396152
kc,534,6,kcl,395787
kc,534,7,bookcases,360521
kc,534,8,sackcloth,355857
kc,534,9,pkc,338436
kc,534,10,chukchi,161173
kc,534,11,cockcroft,138841
kc,534,12,kirkcaldy,125866
hv,535,1,nashville,4301623
hv,535,2,hv,780716
hv,535,3,ruthven,363096
hv,535,4,hvac,293213
hv,535,5,jahveh,191635
hv,535,6,madhva,130188
hv,535,7,hva,119200
hv,535,8,uhv,113327
xw,536,1,maxwell,5864071
xw,536,2,boxwood,239888
xw,536,3,maxwellian,188566
zw,537,1,zwischen,1678844
zw,537,2,zwei,887140
zw,537,3,zwingli,645233
zw,537,4,rosenzweig,587647
zw,537,5,fitzwilliam,555301
zw,537,6,bzw,392936
zw,537,7,zwar,383685
zw,537,8,zweig,351456
zw,537,9,zweiten,311696
zw,537,10,zweite,249243
zw,537,11,zweifel,119841
zw,537,12,zweck,116264
fp,538,1,fp,1108100
fp,538,2,afp,545211
fp,538,3,halfpenny,493234
fp,538,4,fps,363146
fp,538,5,gfp,345235
fp,538,6,rfp,313198
fp,538,7,tfp,255233
fp,538,8,nfpa,254091
fp,538,9,fpc,253482
fp,538,10,fpga,217380
fp,538,11,cfp,213621
fp,538,12,halfpence,171379
iy,539,1,iy,469759
iy,539,2,riyadh,450663
iy,539,3,iyer,372957
iy,539,4,kshatriya,319384
iy,539,5,oriya,298400
iy,539,6,bharatiya,284525
iy,539,7,aliyah,223913
iy,539,8,kshatriyas,223009
iy,539,9,miyazaki,222537
iy,539,10,miyamoto,216745
iy,539,11,iyengar,203415
iy,539,12,chiyoda,197205
pv,540,1,pv,1660450
pv,540,2,pvc,1223370
pv,540,3,pvt,910201
pv,540,4,npv,663612
pv,540,5,hpv,517782
pv,540,6,pva,282042
pv,540,7,pvp,187981
pv,540,8,pvs,155040
pv,540,9,ppv,139511
pv,540,10,pvr,131312
pv,540,11,pvd,121948
pv,540,12,pvcs,117739
vt,541,1,vt,2360166
vt,541,2,govt,1738163
vt,541,3,pvt,910201
vt,541,4,dvt,245706
vt,541,5,vth,207547
vt,541,6,vtr,137680
vt,541,7,ivth,131890
vt,541,8,svt,127189
vt,541,9,vti,111906
vt,541,10,xvth,109130
vt,541,11,vte,102354
jp,542,1,jp,1908621
jp,542,2,rajput,713433
jp,542,3,bjp,638064
jp,542,4,jpeg,525916
jp,542,5,rajputs,501838
jp,542,6,jpn,484274
jp,542,7,rajputana,321036
jp,542,8,jpl,232456
jp,542,9,vajpayee,228436
jp,542,10,lajpat,183535
jp,542,11,jps,146227
jp,542,12,lijphart,144516
cv,543,1,cv,2305613
cv,543,2,cvd,616075
cv,543,3,cvs,471209
cv,543,4,hcv,386586
cv,543,5,cvp,256200
cv,543,6,cva,229414
cv,543,7,mcveigh,194949
cv,543,8,cvi,193746
cv,543,9,cvc,180131
cv,543,10,mcv,170888
cv,543,11,pcv,163085
cv,543,12,mcvey,131940
zb,544,1,salzburg,1059325
zb,544,2,uzbekistan,794143
zb,544,3,uzbek,459061
zb,544,4,herzberg,397368
zb,544,5,ginzburg,333684
zb,544,6,wurzburg,315148
zb,544,7,wiirzburg,289755
zb,544,8,spitzbergen,254052
zb,544,9,zbigniew,252077
zb,544,10,mintzberg,243577
zb,544,11,pietermaritzburg,242810
zb,544,12,hezbollah,214998
vp,545,1,vp,2404131
vp,545,2,vpn,602612
vp,545,3,vpon,451384
vp,545,4,mvp,276116
vp,545,5,cvp,256200
vp,545,6,avp,225417
vp,545,7,rsvp,197240
vp,545,8,pvp,187981
vp,545,9,kvp,167981
vp,545,10,vps,142261
vp,545,11,ivp,135225
vp,545,12,svp,120118
zr,546,1,ezra,3245963
zr,546,2,fitzroy,669737
zr,546,3,zr,595478
zr,546,4,hazrat,277793
zr,546,5,jezreel,173109
zr,546,6,mazrui,139224
zr,546,7,mizrahi,116248
zr,546,8,azrin,102966
fh,547,1,selfhood,924446
fh,547,2,fh,679014
fh,547,3,fha,649815
fh,547,4,fhe,524536
fh,547,5,offhand,498644
fh,547,6,sulfhydryl,269459
fh,547,7,halfhearted,237731
fh,547,8,fhould,218033
fh,547,9,fhall,188644
fh,547,10,selfhelp,144432
fh,547,11,fhr,136433
fh,547,12,schaffhausen,132611
yv,548,1,yvonne,995647
yv,548,2,yves,818142
yv,548,3,polyvinyl,638904
yv,548,4,byval,600516
yv,548,5,stuyvesant,584420
yv,548,6,yvette,375787
yv,548,7,polyvalent,217639
yv,548,8,yv,152910
yv,548,9,sunnyvale,151030
yv,548,10,yvon,122585
yv,548,11,shelbyville,120710
yv,548,12,hyv,120486
zg,549,1,fitzgerald,4027172
zg,549,2,metzger,488147
zg,549,3,fitzgibbon,211334
zm,550,1,boltzmann,1170328
zm,550,2,guzman,867634
zm,550,3,weizmann,709010
zm,550,4,fitzmaurice,299164
zm,550,5,weitzman,224473
zm,550,6,izmir,210689
zm,550,7,salzman,209144
zm,550,8,holtzman,208066
zm,550,9,zm,176790
zm,550,10,saltzman,156106
zm,550,11,holzman,140637
zm,550,12,katzman,135069
zv,551,1,rendezvous,2536073
zv,551,2,mitzvah,590916
zv,551,3,zvi,342907
zv,551,4,izvestia,212700
zv,551,5,izvestiya,189730
zv,551,6,izv,186656
zv,551,7,zvo,155629
zv,551,8,mitzvot,147926
zv,551,9,izvestiia,147694
zv,551,10,zvezda,108474
qs,552,1,eqs,3237101
qs,552,2,qs,490404
qs,552,3,iqs,333011
qs,552,4,aqsa,132812
qs,552,5,faqs,131410
qs,552,6,qsar,123864
kv,553,1,kv,1516931
kv,553,2,rockville,785399
kv,553,3,sackville,611126
kv,553,4,moskva,410709
kv,553,5,nkvd,402456
kv,553,6,kva,311185
kv,553,7,kvp,167981
kv,553,8,oakville,108779
kv,553,9,yorkville,100394
vn,554,1,vn,1513198
vn,554,2,vnto,452490
vn,554,3,arvn,299212
vn,554,4,dubrovnik,266419
vn,554,5,vnd,245940
vn,554,6,ivanovna,224705
vn,554,7,petrovna,175226
vn,554,8,vnder,159993
vn,554,9,xvn,147311
vn,554,10,vna,133038
vn,554,11,vne,126020
vn,554,12,kovno,125730
zn,555,1,zn,1842348
zn,555,2,selznick,416144
zn,555,3,kuznets,336965
zn,555,4,poznan,307305
zn,555,5,zno,285158
zn,555,6,zns,217032
zn,555,7,ghazni,207338
zn,555,8,kuznetsov,202918
zn,555,9,zhizn,139599
zn,555,10,znaniecki,128140
zn,555,11,znse,110813
zn,555,12,wozniak,106762
qa,556,1,qaeda,1008411
qa,556,2,qa,753171
qa,556,3,qatar,646513
qa,556,4,qasim,327447
qa,556,5,aqaba,243712
qa,556,6,qaddafi,199072
qa,556,7,qadi,174290
qa,556,8,qadir,174039
qa,556,9,qazi,165459
qa,556,10,qam,133489
qa,556,11,qasr,130683
qa,556,12,qantas,129092
yx,557,1,calyx,1065860
yx,557,2,asphyxia,692006
yx,557,3,onyx,417088
yx,557,4,coccyx,329236
yx,557,5,styx,269420
yx,557,6,myxedema,250459
yx,557,7,oryx,230173
yx,557,8,asphyxiation,176432
yx,557,9,myxoma,151526
yx,557,10,polymyxin,150513
yx,557,11,bombyx,128394
yx,557,12,asphyxiated,127711
jn,558,1,jn,1993658
jn,558,2,zijn,425160
jn,558,3,jno,337827
jn,558,4,jnana,313530
jn,558,5,jnr,182989
jn,558,6,yajna,182286
jn,558,7,yajnavalkya,178094
jn,558,8,prajna,173307
jn,558,9,rijn,163500
jn,558,10,jndi,100405
jn,558,11,jnd,100132
bf,559,1,bf,1060227
bf,559,2,subfamily,589489
bf,559,3,dumbfounded,503024
bf,559,4,cbf,330024
bf,559,5,subfamilies,215372
bf,559,6,subfield,188662
bf,559,7,obfuscation,176657
bf,559,8,bfi,166658
bf,559,9,subfields,160089
bf,559,10,rbf,147359
bf,559,11,clubfoot,129646
bf,559,12,subfloor,112634
mk,560,1,mk,1671783
mk,560,2,tomkins,367907
mk,560,3,potemkin,327723
mk,560,4,samkhya,322346
mk,560,5,grimke,260256
mk,560,6,lemke,228220
mk,560,7,mks,171805
mk,560,8,samkara,149328
mk,560,9,dmk,132451
mk,560,10,simkins,114047
mk,560,11,timken,110721
mk,560,12,temkin,100296
cw,561,1,cw,1630864
cw,561,2,cwt,871273
cw,561,3,mcwilliams,353018
cw,561,4,cwa,284471
cw,561,5,cwts,190850
cw,561,6,cwm,161225
cw,561,7,cws,155998
cw,561,8,cwc,138081
cw,561,9,mcwhorter,123443
jm,562,1,jm,2466879
jm,562,2,nijmegen,353299
jm,562,3,ajmer,296321
jm,562,4,sejm,228492
jm,562,5,jms,173307
jm,562,6,jmp,141242
lq,563,1,quelques,1326116
lq,563,2,quelque,797559
lq,563,3,colquhoun,285131
lq,563,4,lq,221015
lq,563,5,cualquier,201375
lq,563,6,pulque,160622
lq,563,7,guadalquivir,138630
lq,563,8,holquist,120176
lq,563,9,quelquefois,112133
lq,563,10,colquitt,110129
lq,563,11,hillquit,110044
jh,564,1,jh,1496158
jh,564,2,nijhoff,609795
jh,564,3,jhe,344937
jh,564,4,jha,326494
jh,564,5,jhansi,201548
jh,564,6,jhelum,171287
jh,564,7,jharkhand,143367
jh,564,8,jhall,140075
jh,564,9,jhs,108208
kj,565,1,kj,1348814
kj,565,2,blackjack,415889
kj,565,3,kjv,412869
kj,565,4,reykjavik,356490
kj,565,5,hammarskjold,330056
kj,565,6,kjeldahl,180644
kj,565,7,nkjv,164492
kj,565,8,inkjet,151044
kj,565,9,lockjaw,110864
jc,566,1,jc,2130984
jc,566,2,jcs,462819
jc,566,3,jcp,151282
jc,566,4,jcaho,131520
jc,566,5,ajc,121882
jc,566,6,jcl,118271
jc,566,7,mikolajczyk,113552
jc,566,8,wojciech,113291
jc,566,9,jcc,103970
gz,567,1,zigzag,1124856
gz,567,2,aurangzeb,576783
gz,567,3,guangzhou,514801
gz,567,4,zigzags,240367
gz,567,5,hangzhou,200015
gz,567,6,zigzagging,198996
gz,567,7,zigzagged,140478
gz,567,8,yangzi,117093
gz,567,9,aurangzib,108474
gz,567,10,zhuangzi,105635
gz,567,11,gz,103696
js,568,1,js,2222772
js,568,2,jsp,634453
js,568,3,djs,141128
js,568,4,jsot,114655
js,568,5,jsc,113087
js,568,6,rajshahi,102943
tx,569,1,tx,2942662
tx,569,2,txt,213129
tx,569,3,mtx,173107
fk,570,1,kafka,1563740
fk,570,2,jfk,627909
fk,570,3,fk,372831
fk,570,4,rifkin,199887
fk,570,5,lefkowitz,180181
fk,570,6,selfknowledge,129290
fk,570,7,koffka,110473
fk,570,8,aufklarung,108897
jl,571,1,jl,2689697
jl,571,2,majlis,370034
jl,571,3,stijl,132596
vm,572,1,vm,1677183
vm,572,2,vms,284224
vm,572,3,svm,195152
vm,572,4,vmax,186471
vm,572,5,avm,178069
vm,572,6,xvm,151769
vm,572,7,jvm,144759
vm,572,8,vmi,141804
vm,572,9,cvm,112147
vm,572,10,dvm,106645
lj,573,1,lj,1689521
lj,573,2,ljubljana,374677
lj,573,3,alj,228393
lj,573,4,seljuk,208966
lj,573,5,valjean,184692
lj,573,6,viljoen,108907
tj,574,1,tj,2210792
tj,574,2,mountjoy,340174
tj,574,3,tjie,202015
tj,574,4,straitjacket,200860
tj,574,5,betjeman,111013
tj,574,6,tietjens,104804
jj,575,1,jj,2254647
jj,575,2,hajj,433496
jj,575,3,ujjain,159836
jj,575,4,hajji,131971
cj,576,1,cj,1826785
cj,576,2,ecj,545447
cj,576,3,icj,457853
cj,576,4,cjd,131963
vg,577,1,novgorod,803451
vg,577,2,avg,791080
vg,577,3,vg,518633
vg,577,4,vgl,355884
vg,577,5,vga,279315
vg,577,6,yevgeny,111381
vg,577,7,svg,100524
mj,578,1,mj,2231781
mj,578,2,tmj,300696
mj,578,3,bmj,267796
mj,578,4,amj,123052
jt,579,1,jt,1676533
jt,579,2,jth,403364
jt,579,3,jthe,196305
jt,579,4,jts,137685
jt,579,5,bjt,132339
jt,579,6,wojtyla,130037
jt,579,7,ijtihad,128039
jt,579,8,jtpa,113548
pj,580,1,pj,1838634
pj,580,2,upjohn,346355
pj,580,3,apj,206123
pj,580,4,skopje,177559
pj,580,5,kopje,121460
pj,580,6,skipjack,120642
wg,581,1,newgate,828287
wg,581,2,lawgiver,734371
wg,581,3,wg,624288
wg,581,4,lawgivers,196916
wg,581,5,mowgli,139642
wg,581,6,awg,126834
wg,581,7,cowgill,101445
vh,582,1,vh,670531
vh,582,2,vhf,412815
vh,582,3,vhs,408030
vh,582,4,vhdl,223041
vh,582,5,gvhd,214179
vh,582,6,vhich,207740
vh,582,7,vhen,157486
vh,582,8,vhp,145462
vh,582,9,vhi,127257
vh,582,10,vhat,124537
bk,583,1,bk,1978641
bk,583,2,liebknecht,283670
bk,583,3,bks,152144
bk,583,4,rabkin,116778
bk,583,5,abkhazia,108258
vv,584,1,vv,1428635
vv,584,2,savvy,821080
vv,584,3,navvies,138802
vv,584,4,revved,132725
vv,584,5,navvy,101329
jd,585,1,jd,1636851
jd,585,2,jdbc,307337
jd,585,3,tijdschrift,202175
jd,585,4,cjd,131963
jd,585,5,jdc,115637
jd,585,6,jdk,114494
jd,585,7,bijdragen,106690
tq,586,1,atque,1340939
tq,586,2,tqm,587878
tq,586,3,tq,464615
tq,586,4,postquam,123968
vb,587,1,vb,1258577
vb,587,2,vba,444970
vb,587,3,vbscript,237728
vb,587,4,uvb,166831
vb,587,5,dvb,135614
vb,587,6,ivb,131646
vb,587,7,vbe,120648
jf,588,1,jf,1530210
jf,588,2,jfk,627909
jf,588,3,jfet,135298
jf,588,4,tajfel,128367
dz,589,1,dz,542632
dz,589,2,lodz,369499
dz,589,3,adze,252778
dz,589,4,shevardnadze,197350
dz,589,5,adzes,181465
dz,589,6,lindzey,179659
dz,589,7,podzolic,139524
dz,589,8,godzilla,119534
dz,589,9,kudzu,114018
dz,589,10,karadzic,104245
xb,590,1,roxbury,587093
xb,590,2,roxburgh,296036
xb,590,3,xb,236706
xb,590,4,uxbridge,221987
xb,590,5,duxbury,209901
xb,590,6,bixby,208189
xb,590,7,oxbow,152431
xb,590,8,oxbridge,147955
xb,590,9,roxburghe,104426
jb,591,1,jb,1477311
jb,591,2,ejb,476255
jb,591,3,jbl,172549
zc,592,1,cuzco,928443
zc,592,2,orozco,377763
zc,592,3,vizcaya,200181
zc,592,4,nazca,144823
zc,592,5,zc,122291
zc,592,6,szczecin,112123
zc,592,7,tezcatlipoca,110123
zc,592,8,yitzchak,105050
fj,593,1,fj,1076857
fj,593,2,fjord,693049
fj,593,3,fjords,295530
yy,594,1,sayyid,612588
yy,594,2,yy,320837
yy,594,3,umayyad,277490
yy,594,4,khayyam,235180
yy,594,5,hayyim,168309
yy,594,6,bhattacharyya,148728
yy,594,7,umayyads,122131
yy,594,8,xyy,107754
qn,595,1,eqn,1261759
qn,595,2,qn,325391
qn,595,3,eqns,272660
xs,596,1,xs,569621
xs,596,2,xslt,261230
xs,596,3,flaxseed,259165
xs,596,4,xsl,230324
xs,596,5,coxsackie,179983
xs,596,6,coxswain,178644
xs,596,7,paxson,125773
qr,597,1,qrs,1054724
qr,597,2,qr,488244
qr,597,3,esqr,201357
jk,598,1,jk,718119
jk,598,2,dijk,329674
jk,598,3,dijkstra,215617
jk,598,4,rijksmuseum,183580
jk,598,5,rajkot,158047
jk,598,6,koninklijke,135096
jv,599,1,jv,848111
jv,599,2,kjv,412869
jv,599,3,nkjv,164492
jv,599,4,vojvodina,149495
jv,599,5,jvm,144759
qq,600,1,sqq,1095729
qq,600,2,seqq,269154
qq,600,3,qq,238901
qq,600,4,saqqara,108435
xn,601,1,xn,714320
xn,601,2,flexner,481517
xn,601,3,exner,196679
xn,601,4,laxness,111697
xn,601,5,oxnard,109398
vf,602,1,vf,709969
vf,602,2,ivf,511614
vf,602,3,vfr,172247
vf,602,4,avf,156487
px,603,1,px,766841
px,603,2,ipx,337114
px,603,3,spx,142403
px,603,4,aspx,121979
px,603,5,appx,105131
zd,604,1,mazda,539293
zd,604,2,kazdin,181860
zd,604,3,izd,181100
zd,604,4,zd,169873
zd,604,5,samizdat,126149
zd,604,6,zvezda,108474
zd,604,7,mazdoor,108267
qt,605,1,qt,814457
qt,605,2,qtl,209902
qt,605,3,qty,153085
qt,605,4,qtd,105827
qt,605,5,qtip,102234
zp,606,1,fitzpatrick,1210761
zp,606,2,zp,151085
qo,607,1,qos,772231
qo,607,2,qol,253272
qo,607,3,qo,194398
qo,607,4,qod,104462
dx,608,1,dx,1194953
dx,608,2,edx,101324
hj,609,1,hj,1087127
hj,609,2,hjalmar,195243
gv,610,1,gv,293363
gv,610,2,rigveda,236453
gv,610,3,gvhd,214179
gv,610,4,rgveda,208198
gv,610,5,gvn,121624
gv,610,6,longview,118549
jw,611,1,jw,1165914
qc,612,1,qc,732223
qc,612,2,qcd,282526
qc,612,3,qca,112650
jy,613,1,rajya,476583
jy,613,2,jy,312155
jy,613,3,benjy,201711
jy,613,4,jyoti,129772
gj,614,1,gj,842635
gj,614,2,jingji,146417
gj,614,3,heilongjiang,103976
qb,615,1,iqbal,690386
qb,615,2,qb,393057
pq,616,1,pq,775424
pq,616,2,uspq,185964
pq,616,3,umpqua,113661
jg,617,1,jg,1034900
bz,618,1,bzw,392936
bz,618,2,bz,285157
bz,618,3,dobzhansky,208154
bz,618,4,subzone,121127
mx,619,1,mx,994334
qm,620,1,tqm,587878
qm,620,2,qm,401990
mz,621,1,mz,385785
mz,621,2,dmz,240846
mz,621,3,hamza,199033
mz,621,4,karamzin,144618
qf,622,1,qf,635954
qf,622,2,waqf,196684
qf,622,3,qfd,115241
wj,623,1,wj,914179
zq,624,1,velazquez,570054
zq,624,2,vazquez,342982
xr,625,1,xrd,312333
xr,625,2,xr,295354
xr,625,3,xray,177773
xr,625,4,rexroth,121949
zk,626,1,blitzkrieg,276574
zk,626,2,schwarzkopf,212547
zk,626,3,kosciuszko,164998
zk,626,4,koussevitzky,127475
zk,626,5,zk,124943
cx,627,1,cx,653498
cx,627,2,cxix,119182
cx,627,3,cxi,104056
fx,628,1,fx,812116
fv,629,1,fv,529387
fv,629,2,alfven,171411
fv,629,3,fvc,106499
bx,630,1,bx,481180
bx,630,2,pbx,297442
vw,631,1,vw,604526
vw,631,2,vwf,137662
vj,632,1,vj,724370
mq,633,1,mq,324438
mq,633,2,almqvist,180552
mq,633,3,almquist,103126
mq,633,4,namque,100308
qv,634,1,qv,454962
qv,634,2,almqvist,180552
zf,635,1,herzfeld,183650
zf,635,2,creutzfeldt,171945
zf,635,3,zf,143954
zf,635,4,laissezfaire,108840
qe,636,1,qe,407931
qe,636,2,qed,164512
yj,637,1,pyjamas,322830
yj,637,2,yj,238504
gx,638,1,guangxi,195396
gx,638,2,jiangxi,188028
gx,638,3,gx,173606
kx,639,1,kx,286103
kx,639,2,quarkxpress,148265
kx,639,3,schillebeeckx,121054
xg,640,1,xg,344461
xg,640,2,foxglove,198087
qd,641,1,qd,410791
qd,641,2,qds,109130
xj,642,1,xj,511074
sx,643,1,sx,503772
vz,644,1,vz,501189
vx,645,1,vx,449854
wv,646,1,wv,389123
yq,647,1,nyquist,384882
bq,648,1,bq,229849
bq,648,2,subquery,116657
gq,649,1,chongqing,194309
gq,649,2,gq,151315
vk,650,1,vk,337545
zj,651,1,zj,174872
zj,651,2,fitzjames,134157
xk,652,1,xk,281255
qp,653,1,qp,272180
hx,654,1,hx,263997
fz,655,1,fz,154428
fz,655,2,afzal,109432
qh,656,1,fiqh,159060
qh,656,2,qh,104449
qj,657,1,qj,236928
jz,658,1,ajzen,111349
jz,658,2,jz,109326
vq,659,1,vq,212856
kq,660,1,kq,187242
xd,661,1,xd,168263
qw,662,1,qw,163292
jx,663,1,jx,161750
qx,664,1,qx,159505
kz,665,1,kz,150760
wx,666,1,wx,150637
fq,667,1,fq,149430
xz,668,1,xz,136521
zx,669,1,zx,108224
